match_id,game_id_opta,team_side,team_id,team_name,player_id_opta,player_id_ssi,player_name,shirt_number,position,opta_uuid
8cfdb681-32cf-4ebf-81f1-5c0839ec82d5,2442592,away,569,FCK,96787,2b434175-d91b-455e-8f83-f33eb4e2f8cd,M. Elyounoussi,10,RW,6tckvu2rw7ns18dq7dim0sout
8cfdb681-32cf-4ebf-81f1-5c0839ec82d5,2442592,away,569,FCK,166965,ac92affe-b2d0-4254-aafe-60576a141c6f,L. Lerager,12,RDM,al9l7egkwbc0pv68zk42gegut
8cfdb681-32cf-4ebf-81f1-5c0839ec82d5,2442592,away,569,FCK,535944,f9a3e685-e97a-4150-8b5e-710949c6e3ba,R. Huescas,13,SUB,6b8vhoisrfwkljhz4u7pduej8
8cfdb681-32cf-4ebf-81f1-5c0839ec82d5,2442592,away,569,FCK,114517,0e9181b9-3ec4-46d2-a5f4-15b69c1ca531,A. Cornelius,14,SUB,7hw1plnv7nvxnqpnfnxcxszpx
8cfdb681-32cf-4ebf-81f1-5c0839ec82d5,2442592,away,569,FCK,622714,a3b3f8cd-dee1-471d-b4f2-43584da69ca3,Robert,16,SUB,bbezbukg20q5b6kfnjuzhs55g
8cfdb681-32cf-4ebf-81f1-5c0839ec82d5,2442592,away,569,FCK,590186,33839354-c3d9-4a48-b710-e3fcc87ec20e,V. Froholdt,17,SUB,c9u2w9ikckbrra8vln2ucbf9w
8cfdb681-32cf-4ebf-81f1-5c0839ec82d5,2442592,away,569,FCK,232398,70e97450-80fc-41ce-89a4-e50066ad1247,N. Trott,1,GK,ckhhpn9ppgvlrtubf7li3se09
8cfdb681-32cf-4ebf-81f1-5c0839ec82d5,2442592,away,569,FCK,512627,3309a8ce-fd15-4862-9f8d-f316300bbde1,G. Gocholeishvili,22,RB,9ic9msq3tj4gx8wqa6wfwk50q
8cfdb681-32cf-4ebf-81f1-5c0839ec82d5,2442592,away,569,FCK,68640,ea3fa1d1-5b4f-4e0d-9d46-877d19f94fc5,T. Delaney,27,LDM,4gqnyyx3i92fayq6cxvekqwut
8cfdb681-32cf-4ebf-81f1-5c0839ec82d5,2442592,away,569,FCK,193228,f0858ff8-62d3-45e4-b393-790dd46bc7a4,K. Diks,2,LB,7xc0qldxpidl07vij2wgu1sk5
8cfdb681-32cf-4ebf-81f1-5c0839ec82d5,2442592,away,569,FCK,546545,d489a14f-dc3f-41ca-a20d-a8caeb171dfe,E. Achouri,30,LW,ssluj1c3ft94nkfs58dc8cq2
8cfdb681-32cf-4ebf-81f1-5c0839ec82d5,2442592,away,569,FCK,115918,9668e84f-5374-46f6-b281-7302a136a930,R. Runarsson,31,SUB,quh8tfvwi106toymoh38tbrp
8cfdb681-32cf-4ebf-81f1-5c0839ec82d5,2442592,away,569,FCK,592864,472a6f34-3361-4f6b-95de-6a06a4ad6875,O. Hojer,38,SUB,8jyfsal0lbf0ia92axymn2l1w
8cfdb681-32cf-4ebf-81f1-5c0839ec82d5,2442592,away,569,FCK,590187,30910583-8bca-4a01-8de1-96d44de68c05,A. Chiakha,45,SUB,823p7p1amx8lp445bo6bi01lg
8cfdb681-32cf-4ebf-81f1-5c0839ec82d5,2442592,away,569,FCK,572146,df960c23-a4b0-44c2-8fdd-7aa99fe883e5,M. Garan'anga,4,SUB,ajjw1ikceu3g39sy6dsf9kdg4
8cfdb681-32cf-4ebf-81f1-5c0839ec82d5,2442592,away,569,FCK,475413,0d3a3ae6-4965-4638-86a7-0a02245556ce,Gabriel Pereira,5,RCB,4cbaoo2irqtme9goxuz6s3ey2
8cfdb681-32cf-4ebf-81f1-5c0839ec82d5,2442592,away,569,FCK,220246,789f953e-5e94-4e51-a935-27741eab3c10,P. Hatzidiakos,6,LCB,ayqy2vql1oumokqly9ahfrnx1
8cfdb681-32cf-4ebf-81f1-5c0839ec82d5,2442592,away,569,FCK,111756,b530b1d0-a694-4f50-bbc7-0468dab6b7df,V. Claesson,7,SUB,8g4r9maz4invihjmdzpfxy0np
8cfdb681-32cf-4ebf-81f1-5c0839ec82d5,2442592,away,569,FCK,433957,ddb3721a-a769-4982-aa36-d6767fde1a44,M. Mattsson,8,CAM,8inyievyp1az6q3dtlkpynf56
8cfdb681-32cf-4ebf-81f1-5c0839ec82d5,2442592,away,569,FCK,457214,c83a74c3-4259-4a9f-a9be-ab016530630f,G. Onugkha,9,ST,babnrlnt04mal0268p9dxas8a
8cfdb681-32cf-4ebf-81f1-5c0839ec82d5,2442592,home,1000,FCM,533646,46934613-a65f-47ee-955e-a9dab0132373,D. Osorio,11,RM,djlyi0ad4x1p0k4thn8n0axw4
8cfdb681-32cf-4ebf-81f1-5c0839ec82d5,2442592,home,1000,FCM,423651,b563c936-595f-4984-a288-4c9dff93b9cf,E. Chilufya,14,SUB,bcscjb9jdgu4ims9n3vwuj5k9
8cfdb681-32cf-4ebf-81f1-5c0839ec82d5,2442592,home,1000,FCM,430901,e50ce7da-ca2f-465a-9119-f3cd3e6beeac,E. Olafsson,16,GK,7yim2aepctujr2m4p20a97755
8cfdb681-32cf-4ebf-81f1-5c0839ec82d5,2442592,home,1000,FCM,450048,5b93e441-83bc-4b52-9ace-dc3120b552bd,K. Askildsen,17,SUB,5cjx2i2perp5vr62en4cyer1m
8cfdb681-32cf-4ebf-81f1-5c0839ec82d5,2442592,home,1000,FCM,536679,bc820885-3ead-4f7a-8ffc-a5414e9f92c5,P. Bravo,19,SUB,bwfg9frq2ecbzg7wlzqjtnv2s
8cfdb681-32cf-4ebf-81f1-5c0839ec82d5,2442592,home,1000,FCM,57513,2dcd7981-20bd-47f7-8388-2408995ecc1a,J. Lossl,1,SUB,41ii5y9ebz5e3xhaif9kc8qmt
8cfdb681-32cf-4ebf-81f1-5c0839ec82d5,2442592,home,1000,FCM,568423,5cc98eec-d48a-4d7f-b371-04cd7b547208,V. Byskov,20,SUB,e73sexp7kse0wlykdi7xcbg2c
8cfdb681-32cf-4ebf-81f1-5c0839ec82d5,2442592,home,1000,FCM,553784,6c2bd169-4d2f-4c36-836f-c9254cc962ad,D. Castillo,21,SUB,78kzajya12k4sm0ebfl37d6ok
8cfdb681-32cf-4ebf-81f1-5c0839ec82d5,2442592,home,1000,FCM,228044,78c10560-94f6-4d7a-afc9-c2ca2d870c3b,M. Bech,22,LCB,a87w6l9zsbahdi4knm1347zs9
8cfdb681-32cf-4ebf-81f1-5c0839ec82d5,2442592,home,1000,FCM,494784,b07f51f9-9824-4daf-a7b5-c5966b610ba3,Oliver Sorensen,24,RCM,drlp4xtkta08jiu0px6m4ocq2
8cfdb681-32cf-4ebf-81f1-5c0839ec82d5,2442592,home,1000,FCM,240529,0e910af5-0f4f-49cb-99a7-36a970a63c6c,J. Kuchta,25,LF,10esz9pvzonegry7p78n3ce09
8cfdb681-32cf-4ebf-81f1-5c0839ec82d5,2442592,home,1000,FCM,492474,d112c1ce-131f-4b1a-8c37-377e8f759eaf,Lee Han-Beom,3,SUB,c3sp1x0shf2b24rl5ike6v0iy
8cfdb681-32cf-4ebf-81f1-5c0839ec82d5,2442592,home,1000,FCM,568414,5fdab7af-57b0-45c9-83cc-2f5bd67fa97f,M. Kruger-Johnsen,41,SUB,e64kcio0848bpw39eedbjyd5g
8cfdb681-32cf-4ebf-81f1-5c0839ec82d5,2442592,home,1000,FCM,120721,92e22c81-93c3-4da0-b384-ccf1b48963c9,K. Mbabu,43,RB,fwu0bja02waqct7l682s5mfp
8cfdb681-32cf-4ebf-81f1-5c0839ec82d5,2442592,home,1000,FCM,609108,96784ea7-fa34-4ecc-8b86-6b23041057d4,O. Diao,4,RCB,ddl5g7raihnc9s4u3wetz8v10
8cfdb681-32cf-4ebf-81f1-5c0839ec82d5,2442592,home,1000,FCM,477664,4b4ae6f6-89b0-4214-b4f8-274aef8109b9,V. Lind,53,SUB,7qgiqoaaarr6c2bs4yffqwju2
8cfdb681-32cf-4ebf-81f1-5c0839ec82d5,2442592,home,1000,FCM,477672,aab38c5b-87be-4d1a-be86-6aad039c6afa,A. Simsir,58,LM,4zrsiizdbzwwkmit3ta0f0dbe
8cfdb681-32cf-4ebf-81f1-5c0839ec82d5,2442592,home,1000,FCM,474838,91c9c091-5116-4696-8f0c-a2585f3d2502,E. Martinez,5,LCM,arhoud4vfjvmjaf2pkbm6s48a
8cfdb681-32cf-4ebf-81f1-5c0839ec82d5,2442592,home,1000,FCM,204164,cc524710-5e1e-480e-b7ae-fd7195d26a2c,J. Andersson,6,LB,8yfw9f74h0yfz51bkxxc8p39x
8cfdb681-32cf-4ebf-81f1-5c0839ec82d5,2442592,home,1000,FCM,551144,1ac0c88d-d571-45b3-aeec-4f54b6460a15,Franculino Dju,7,RF,1sdsqfn743j5tqem8ra7sppn8
