match_id,game_id_opta,event_id,team_id,team_name,opponent_team_id,opponent_team_name,period,period_second,match_second,match_minute,minute_bin_5,player_id,player_name,metric_unit,zone,third,channel,x_oriented,y_oriented,event_type,outcome,phase,interpretation_label,insight_text,dashboard_section,recommended_chart_type,priority_level,is_from_box,is_goal,is_on_target,set_play_type,shot_angle,shot_distance_m,shot_outcome,shot_technique,xg
8cfdb681-32cf-4ebf-81f1-5c0839ec82d5,2442592,97b421bd-53b8-5b0b-9e36-783a6fe51261,569,FCK,1000,FCM,1,47.64,47.64,1,0,546545,E. Achouri,count,14-l,attacking_third,central_channel,34.2,10.32,shot,off_target,,medium-value shot,FCK generated a 0.08 xG shot (off_target) in minute 1.,Chance Creation & Final Third,shot map,high,true,false,false,,-20.06,19.41,off_target,left_foot,0.078
8cfdb681-32cf-4ebf-81f1-5c0839ec82d5,2442592,81e0a0d8-bcd8-58a0-bc26-e3e26f50e3c9,569,FCK,1000,FCM,1,279.44,279.44,5,0,457214,G. Onugkha,count,17-l,attacking_third,central_channel,44.05,11.1,shot,off_target,,high-value shot,FCK generated a 0.15 xG shot (off_target) in minute 5.,Chance Creation & Final Third,shot map,high,true,false,false,,-41.58,11.21,off_target,left_foot,0.1512
8cfdb681-32cf-4ebf-81f1-5c0839ec82d5,2442592,5226e00b-931a-521b-9da6-a8549063c176,1000,FCM,569,FCK,1,978.08,978.08,17,15,533646,D. Osorio,count,14-c,defensive_third,central_channel,-19.98,-1.82,shot,save,,low-value shot,FCM generated a 0.03 xG shot (save) in minute 17.,Chance Creation & Final Third,shot map,high,false,false,false,direct_free_kick,3.21,32.5,save,left_foot,0.0346
8cfdb681-32cf-4ebf-81f1-5c0839ec82d5,2442592,9fb155eb-0277-5e63-874b-15c8e80395ad,569,FCK,1000,FCM,1,1406.84,1406.84,24,20,96787,M. Elyounoussi,count,14-c,attacking_third,central_channel,34.72,-2.19,shot,off_target,,low-value shot,FCK generated a 0.04 xG shot (off_target) in minute 24.,Chance Creation & Final Third,shot map,high,true,false,false,corner_kick,7.05,17.77,off_target,right_foot,0.0357
8cfdb681-32cf-4ebf-81f1-5c0839ec82d5,2442592,542e4964-79c9-5855-9067-bf6c67fcab02,1000,FCM,569,FCK,1,1739.48,1739.48,29,25,551144,Franculino Dju,count,17-ol,defensive_third,central_channel,-35.93,-6.68,shot,off_target,,medium-value shot,FCM generated a 0.05 xG shot (off_target) in minute 29.,Chance Creation & Final Third,shot map,high,false,false,false,,10.37,16.77,off_target,left_foot,0.0549
8cfdb681-32cf-4ebf-81f1-5c0839ec82d5,2442592,7835e360-7a31-5c1c-a50d-7f549fb16c86,569,FCK,1000,FCM,1,1788.84,1788.84,30,25,96787,M. Elyounoussi,count,17-l,attacking_third,central_channel,36.51,9.55,shot,off_target,,medium-value shot,FCK generated a 0.05 xG shot (off_target) in minute 30.,Chance Creation & Final Third,shot map,high,true,false,false,,-20.29,16.98,off_target,right_foot,0.0524
8cfdb681-32cf-4ebf-81f1-5c0839ec82d5,2442592,c210faeb-0921-53e1-8c96-da40b81114d1,569,FCK,1000,FCM,1,1854.8,1854.8,31,30,193228,K. Diks,count,17-ol,attacking_third,central_channel,41.37,0.75,shot,goal,,high-value shot,FCK generated a 0.78 xG shot (goal) in minute 31.,Chance Creation & Final Third,shot map,high,true,true,false,penalty,-3.87,11.09,goal,right_foot,0.78
8cfdb681-32cf-4ebf-81f1-5c0839ec82d5,2442592,99e183da-8e65-5f47-8296-9d24727ac6e4,1000,FCM,569,FCK,1,1933,1933,33,30,533646,D. Osorio,count,14-c,defensive_third,central_channel,-25.1,-7.13,shot,off_target,,low-value shot,FCM generated a 0.03 xG shot (off_target) in minute 33.,Chance Creation & Final Third,shot map,high,false,false,false,,7.23,27.55,off_target,left_foot,0.0273
8cfdb681-32cf-4ebf-81f1-5c0839ec82d5,2442592,abe3d9a0-8bce-5a97-8651-546f3c1e21d6,1000,FCM,569,FCK,1,2058.44,2058.44,35,30,494784,Oliver Sorensen,count,17-ol,defensive_third,central_channel,-42.31,-3.28,shot,off_target,,medium-value shot,FCM generated a 0.08 xG shot (off_target) in minute 35.,Chance Creation & Final Third,shot map,high,false,false,false,,17.95,10.13,off_target,head,0.0781
8cfdb681-32cf-4ebf-81f1-5c0839ec82d5,2442592,4a08c2a8-fb66-5699-9fa8-2ab7fcdf8201,1000,FCM,569,FCK,1,2218.72,2218.72,37,35,120721,K. Mbabu,count,17-r,defensive_third,central_channel,-47.25,-11.48,shot,save,,high-value shot,FCM generated a 0.19 xG shot (save) in minute 37.,Chance Creation & Final Third,shot map,high,false,false,false,,56.47,9.38,save,right_foot,0.1874
8cfdb681-32cf-4ebf-81f1-5c0839ec82d5,2442592,b2169d36-f27a-5524-a6d4-cdc9dfb1a4e9,1000,FCM,569,FCK,1,2365.36,2365.36,40,35,474838,E. Martinez,count,14-c,defensive_third,central_channel,-26.56,1.81,shot,save,,low-value shot,FCM generated a 0.02 xG shot (save) in minute 40.,Chance Creation & Final Third,shot map,high,false,false,false,corner_kick,-4.01,25.93,save,right_foot,0.0195
8cfdb681-32cf-4ebf-81f1-5c0839ec82d5,2442592,70d8dfa0-ebbb-59dc-afb5-2fcf3f6ad9c5,569,FCK,1000,FCM,1,2390.76,2390.76,40,35,433957,M. Mattsson,count,17-l,attacking_third,right_channel,36.54,13.35,shot,off_target,,medium-value shot,FCK generated a 0.05 xG shot (off_target) in minute 40.,Chance Creation & Final Third,shot map,high,true,false,false,,-31.36,18.61,off_target,right_foot,0.0534
8cfdb681-32cf-4ebf-81f1-5c0839ec82d5,2442592,61a7d65a-fac6-5ecd-9609-eb54ec1f3ce7,1000,FCM,569,FCK,1,2676.16,2676.16,45,40,533646,D. Osorio,count,14-c,defensive_third,central_channel,-33.94,-8.2,shot,off_target,,low-value shot,FCM generated a 0.03 xG shot (off_target) in minute 45.,Chance Creation & Final Third,shot map,high,false,false,false,corner_kick,13.79,19.04,off_target,left_foot,0.0317
8cfdb681-32cf-4ebf-81f1-5c0839ec82d5,2442592,c6a1fb24-5706-53c5-bac4-50e105c3de6e,1000,FCM,569,FCK,1,2679.16,2679.16,45,40,474838,E. Martinez,count,14-c,defensive_third,central_channel,-33.25,5.21,shot,off_target,,low-value shot,FCM generated a 0.03 xG shot (off_target) in minute 45.,Chance Creation & Final Third,shot map,high,false,false,false,corner_kick,-4.63,19.24,off_target,left_foot,0.0264
8cfdb681-32cf-4ebf-81f1-5c0839ec82d5,2442592,31538c2f-7b29-5e66-b19d-097801106b04,1000,FCM,569,FCK,2,422.8,3185,54,50,228044,M. Bech,count,17-r,attacking_third,left_channel,37.68,-18.2,shot,off_target,,low-value shot,FCM generated a 0.01 xG shot (off_target) in minute 54.,Chance Creation & Final Third,shot map,high,true,false,false,throw_in,44.59,20.72,off_target,left_foot,0.0091
8cfdb681-32cf-4ebf-81f1-5c0839ec82d5,2442592,47baea03-ecd8-5d59-bc39-fe2504db86e2,1000,FCM,569,FCK,2,429.32,3191.52,54,50,551144,Franculino Dju,count,17-or,attacking_third,central_channel,43.63,-0.45,shot,off_target,,medium-value shot,FCM generated a 0.09 xG shot (off_target) in minute 54.,Chance Creation & Final Third,shot map,high,true,false,false,throw_in,2.94,8.82,off_target,head,0.09
8cfdb681-32cf-4ebf-81f1-5c0839ec82d5,2442592,f551411d-5e76-5b1e-ab4f-4aabeb548740,1000,FCM,569,FCK,2,579.48,3341.68,56,55,477672,A. Simsir,count,14-c,attacking_third,central_channel,29.23,9,shot,off_target,,medium-value shot,FCM generated a 0.09 xG shot (off_target) in minute 56.,Chance Creation & Final Third,shot map,high,true,false,false,direct_free_kick,-12.96,23.81,off_target,right_foot,0.0862
8cfdb681-32cf-4ebf-81f1-5c0839ec82d5,2442592,837bfde1-8a9d-5b68-88c8-ae22dba1fd08,569,FCK,1000,FCM,2,754.72,3516.92,59,55,457214,G. Onugkha,count,17-ol,defensive_third,central_channel,-41.75,-6.88,shot,off_target,,medium-value shot,FCK generated a 0.10 xG shot (off_target) in minute 59.,Chance Creation & Final Third,shot map,high,false,false,false,,16.77,11.15,off_target,right_foot,0.0986
8cfdb681-32cf-4ebf-81f1-5c0839ec82d5,2442592,d2ca36e9-3804-5a3b-9827-960adee4e037,1000,FCM,569,FCK,2,1059.36,3821.56,64,60,494784,Oliver Sorensen,count,14-l,attacking_third,central_channel,35.49,10.87,shot,off_target,,low-value shot,FCM generated a 0.03 xG shot (off_target) in minute 64.,Chance Creation & Final Third,shot map,high,true,false,false,,-23.05,18.41,off_target,left_foot,0.0328
8cfdb681-32cf-4ebf-81f1-5c0839ec82d5,2442592,3b5f32e5-5e98-5e37-9f20-867ebd8aea22,1000,FCM,569,FCK,2,1224.72,3986.92,67,65,551144,Franculino Dju,count,17-ol,attacking_third,central_channel,43.17,2.22,shot,off_target,,medium-value shot,FCM generated a 0.06 xG shot (off_target) in minute 67.,Chance Creation & Final Third,shot map,high,true,false,false,,-13.46,9.38,off_target,head,0.0601
8cfdb681-32cf-4ebf-81f1-5c0839ec82d5,2442592,732266e8-731f-5dd6-9489-5878f0895589,1000,FCM,569,FCK,2,1415.48,4177.68,70,65,494784,Oliver Sorensen,count,17-l,attacking_third,central_channel,44.28,10.55,shot,goal,,low-value shot,FCM generated a 0.02 xG shot (goal) in minute 70.,Chance Creation & Final Third,shot map,high,true,true,false,corner_kick,-40.19,10.67,goal,right_foot,0.0238
8cfdb681-32cf-4ebf-81f1-5c0839ec82d5,2442592,8443f15a-d1ab-5b41-b555-aed3003918f1,1000,FCM,569,FCK,2,1988.2,4750.4,80,75,533646,D. Osorio,count,17-ol,attacking_third,central_channel,37.12,1.72,shot,block,,medium-value shot,FCM generated a 0.08 xG shot (block) in minute 80.,Chance Creation & Final Third,shot map,high,true,false,false,,-6.4,15.41,block,left_foot,0.0794
8cfdb681-32cf-4ebf-81f1-5c0839ec82d5,2442592,ea0a812a-1a48-5f6a-9183-5527d342b103,1000,FCM,569,FCK,2,2016.28,4778.48,80,75,609108,O. Diao,count,17-or,attacking_third,central_channel,45.01,-5.16,shot,goal,,low-value shot,FCM generated a 0.05 xG shot (goal) in minute 80.,Chance Creation & Final Third,shot map,high,true,true,false,corner_kick,11.44,7.57,goal,left_foot,0.0471
8cfdb681-32cf-4ebf-81f1-5c0839ec82d5,2442592,2d6e669e-fb19-5a32-8162-2937ec52bc2f,1000,FCM,569,FCK,2,2221.32,4983.52,84,80,494784,Oliver Sorensen,count,14-r,attacking_third,central_channel,35.46,-9.62,shot,block,,low-value shot,FCM generated a 0.03 xG shot (block) in minute 84.,Chance Creation & Final Third,shot map,high,true,false,false,free_kick,19.35,17.99,block,left_foot,0.029
8cfdb681-32cf-4ebf-81f1-5c0839ec82d5,2442592,f11da3e5-2459-5cc3-94ea-ab55cda6c0c9,569,FCK,1000,FCM,2,2425.6,5187.8,87,85,114517,A. Cornelius,count,17-ol,defensive_third,central_channel,-36.03,-0.27,shot,block,,low-value shot,FCK generated a 0.03 xG shot (block) in minute 87.,Chance Creation & Final Third,shot map,high,false,false,false,,0.94,16.4,block,left_foot,0.0339
8cfdb681-32cf-4ebf-81f1-5c0839ec82d5,2442592,61b6c4e0-452d-5236-9cfc-8d327199b157,569,FCK,1000,FCM,2,2570.2,5332.4,89,85,457214,G. Onugkha,count,17-or,defensive_third,central_channel,-41.03,4.18,shot,off_target,,low-value shot,FCK generated a 0.04 xG shot (off_target) in minute 89.,Chance Creation & Final Third,shot map,high,false,false,false,,-2.62,11.41,off_target,right_foot,0.0407
8cfdb681-32cf-4ebf-81f1-5c0839ec82d5,2442592,58eaca66-b9f9-5d82-87dd-3d7364e76259,569,FCK,1000,FCM,2,2647,5409.2,91,90,457214,G. Onugkha,count,17-ol,defensive_third,central_channel,-43.26,-4.31,shot,off_target,,medium-value shot,FCK generated a 0.05 xG shot (off_target) in minute 91.,Chance Creation & Final Third,shot map,high,false,false,false,,4.04,9.19,off_target,head,0.0547
8cfdb681-32cf-4ebf-81f1-5c0839ec82d5,2442592,1298f9e7-2d2e-5a05-bf8d-4de7ff1fa758,569,FCK,1000,FCM,2,2799.68,5561.88,93,90,592864,O. Hojer,count,14-c,defensive_third,central_channel,-35.62,-0.95,shot,block,,medium-value shot,FCK generated a 0.07 xG shot (block) in minute 93.,Chance Creation & Final Third,shot map,high,false,false,false,,3.23,16.84,block,right_foot,0.0686
8cfdb681-32cf-4ebf-81f1-5c0839ec82d5,2442592,76947dc7-cfda-580f-9e8d-8f19d02527bd,569,FCK,1000,FCM,2,3013.32,5775.52,97,95,592864,O. Hojer,count,14-c,defensive_third,central_channel,-32.29,-6.74,shot,save,,high-value shot,FCK generated a 0.14 xG shot (save) in minute 97.,Chance Creation & Final Third,shot map,high,false,false,false,direct_free_kick,8.69,20.37,save,right_foot,0.1362
