match_id,team,player_id,player_name,period,zone,channel,metric_name,player_frame_count,occupation_share,team_density_share,avg_x_oriented,avg_y_oriented,confidence_level
8cfdb681-32cf-4ebf-81f1-5c0839ec82d5,FCM,240529,J. Kuchta,1,middle_third,central_channel,spatial_occupation,20206,0.210547,0.0266,4.869,-0.2527,high
8cfdb681-32cf-4ebf-81f1-5c0839ec82d5,FCM,551144,Franculino Dju,1,middle_third,central_channel,spatial_occupation,15783,0.122264,0.020778,6.1431,2.7502,high
8cfdb681-32cf-4ebf-81f1-5c0839ec82d5,FCM,533646,D. Osorio,1,middle_third,right_channel,spatial_occupation,17419,0.126804,0.022931,3.4741,19.8079,high
8cfdb681-32cf-4ebf-81f1-5c0839ec82d5,FCM,228044,M. Bech,1,middle_third,central_channel,spatial_occupation,28248,0.195002,0.037187,-4.3908,-3.3132,high
8cfdb681-32cf-4ebf-81f1-5c0839ec82d5,FCM,474838,E. Martinez,1,middle_third,central_channel,spatial_occupation,29223,0.201733,0.038471,0.8013,0.1672,high
8cfdb681-32cf-4ebf-81f1-5c0839ec82d5,FCM,120721,K. Mbabu,1,middle_third,right_channel,spatial_occupation,26999,0.18638,0.035543,-1.4628,23.1068,high
8cfdb681-32cf-4ebf-81f1-5c0839ec82d5,FCM,609108,O. Diao,1,middle_third,central_channel,spatial_occupation,28625,0.197605,0.037684,-4.7187,3.4373,high
8cfdb681-32cf-4ebf-81f1-5c0839ec82d5,FCM,477672,A. Simsir,1,middle_third,left_channel,spatial_occupation,20390,0.212199,0.026843,3.5272,-23.196,high
8cfdb681-32cf-4ebf-81f1-5c0839ec82d5,FCM,494784,Oliver Sorensen,1,middle_third,central_channel,spatial_occupation,21632,0.14933,0.028478,1.471,1.3248,high
8cfdb681-32cf-4ebf-81f1-5c0839ec82d5,FCM,204164,J. Andersson,1,middle_third,left_channel,spatial_occupation,22851,0.157745,0.030082,-2.3769,-22.3671,high
8cfdb681-32cf-4ebf-81f1-5c0839ec82d5,FCM,430901,E. Olafsson,1,defensive_third,central_channel,spatial_occupation,67610,0.466726,0.089005,-39.446,-0.3246,high
8cfdb681-32cf-4ebf-81f1-5c0839ec82d5,FCK,475413,Gabriel Pereira,1,defensive_third,central_channel,spatial_occupation,28441,0.196334,0.037441,-37.6305,-3.4701,high
8cfdb681-32cf-4ebf-81f1-5c0839ec82d5,FCK,96787,M. Elyounoussi,1,middle_third,left_channel,spatial_occupation,19377,0.148041,0.025509,0.3185,-20.6536,high
8cfdb681-32cf-4ebf-81f1-5c0839ec82d5,FCK,512627,G. Gocholeishvili,1,middle_third,left_channel,spatial_occupation,23542,0.186887,0.030992,-2.3599,-25.6332,high
8cfdb681-32cf-4ebf-81f1-5c0839ec82d5,FCK,232398,N. Trott,1,defensive_third,central_channel,spatial_occupation,66366,0.458139,0.087368,-40.4955,-0.2584,high
8cfdb681-32cf-4ebf-81f1-5c0839ec82d5,FCK,220246,P. Hatzidiakos,1,defensive_third,central_channel,spatial_occupation,28749,0.22844,0.037847,-35.5071,2.1915,high
8cfdb681-32cf-4ebf-81f1-5c0839ec82d5,FCK,166965,L. Lerager,1,middle_third,central_channel,spatial_occupation,22983,0.158657,0.030256,-2.9831,-0.413,high
8cfdb681-32cf-4ebf-81f1-5c0839ec82d5,FCK,457214,G. Onugkha,1,middle_third,central_channel,spatial_occupation,26474,0.182756,0.034852,3.0952,1.3331,high
8cfdb681-32cf-4ebf-81f1-5c0839ec82d5,FCK,546545,E. Achouri,1,middle_third,right_channel,spatial_occupation,24648,0.22381,0.032448,0.6871,22.3058,high
8cfdb681-32cf-4ebf-81f1-5c0839ec82d5,FCK,433957,M. Mattsson,1,middle_third,central_channel,spatial_occupation,22848,0.20679,0.030078,-2.1403,1.358,high
8cfdb681-32cf-4ebf-81f1-5c0839ec82d5,FCK,68640,T. Delaney,1,middle_third,central_channel,spatial_occupation,19938,0.137636,0.026247,-2.7038,3.2622,high
8cfdb681-32cf-4ebf-81f1-5c0839ec82d5,FCK,193228,K. Diks,1,defensive_third,central_channel,spatial_occupation,16647,0.114918,0.021915,-38.8955,2.8831,high
8cfdb681-32cf-4ebf-81f1-5c0839ec82d5,FCK,193228,K. Diks,1,middle_third,central_channel,spatial_occupation,12285,0.084806,0.016173,-3.8042,3.6711,high
8cfdb681-32cf-4ebf-81f1-5c0839ec82d5,FCK,475413,Gabriel Pereira,1,defensive_third,left_channel,spatial_occupation,7515,0.051878,0.009893,-30.2134,-21.5489,high
8cfdb681-32cf-4ebf-81f1-5c0839ec82d5,FCK,546545,E. Achouri,1,middle_third,central_channel,spatial_occupation,11653,0.105812,0.015341,2.3864,4.9417,high
8cfdb681-32cf-4ebf-81f1-5c0839ec82d5,FCM,120721,K. Mbabu,1,middle_third,central_channel,spatial_occupation,7950,0.054881,0.010466,-5.6566,6.0017,high
8cfdb681-32cf-4ebf-81f1-5c0839ec82d5,FCM,533646,D. Osorio,1,middle_third,central_channel,spatial_occupation,20545,0.149561,0.027047,3.9185,3.2419,high
8cfdb681-32cf-4ebf-81f1-5c0839ec82d5,FCM,240529,J. Kuchta,1,middle_third,left_channel,spatial_occupation,6817,0.071033,0.008974,3.0502,-20.2254,high
8cfdb681-32cf-4ebf-81f1-5c0839ec82d5,FCM,474838,E. Martinez,1,middle_third,left_channel,spatial_occupation,9121,0.062964,0.012007,-0.5877,-21.1711,high
8cfdb681-32cf-4ebf-81f1-5c0839ec82d5,FCK,166965,L. Lerager,1,middle_third,left_channel,spatial_occupation,10011,0.069108,0.013179,-1.3757,-23.1365,high
8cfdb681-32cf-4ebf-81f1-5c0839ec82d5,FCM,240529,J. Kuchta,1,attacking_third,left_channel,spatial_occupation,2125,0.022143,0.002797,29.1513,-19.6734,high
8cfdb681-32cf-4ebf-81f1-5c0839ec82d5,FCK,193228,K. Diks,1,defensive_third,right_channel,spatial_occupation,10882,0.075121,0.014326,-28.118,21.5674,high
8cfdb681-32cf-4ebf-81f1-5c0839ec82d5,FCM,551144,Franculino Dju,1,attacking_third,central_channel,spatial_occupation,26889,0.208298,0.035398,35.277,0.9533,high
8cfdb681-32cf-4ebf-81f1-5c0839ec82d5,FCM,240529,J. Kuchta,1,attacking_third,central_channel,spatial_occupation,29796,0.310475,0.039225,34.1516,-0.8668,high
8cfdb681-32cf-4ebf-81f1-5c0839ec82d5,FCM,477672,A. Simsir,1,attacking_third,left_channel,spatial_occupation,16470,0.171404,0.021682,33.6595,-23.0827,high
8cfdb681-32cf-4ebf-81f1-5c0839ec82d5,FCM,228044,M. Bech,1,middle_third,left_channel,spatial_occupation,7179,0.049558,0.009451,-7.2225,-21.2327,high
8cfdb681-32cf-4ebf-81f1-5c0839ec82d5,FCK,166965,L. Lerager,1,defensive_third,left_channel,spatial_occupation,3146,0.021718,0.004142,-27.0891,-19.8811,high
8cfdb681-32cf-4ebf-81f1-5c0839ec82d5,FCK,512627,G. Gocholeishvili,1,defensive_third,left_channel,spatial_occupation,10827,0.08595,0.014253,-31.4755,-23.3702,high
8cfdb681-32cf-4ebf-81f1-5c0839ec82d5,FCM,494784,Oliver Sorensen,1,middle_third,left_channel,spatial_occupation,5710,0.039417,0.007517,-1.6349,-18.9601,high
8cfdb681-32cf-4ebf-81f1-5c0839ec82d5,FCM,551144,Franculino Dju,1,attacking_third,left_channel,spatial_occupation,3012,0.023333,0.003965,25.0162,-20.8901,high
8cfdb681-32cf-4ebf-81f1-5c0839ec82d5,FCK,457214,G. Onugkha,1,middle_third,left_channel,spatial_occupation,4741,0.032728,0.006241,5.4271,-21.1395,high
8cfdb681-32cf-4ebf-81f1-5c0839ec82d5,FCM,609108,O. Diao,1,middle_third,left_channel,spatial_occupation,1494,0.010313,0.001967,-11.8581,-15.8519,high
8cfdb681-32cf-4ebf-81f1-5c0839ec82d5,FCK,433957,M. Mattsson,1,middle_third,left_channel,spatial_occupation,7526,0.068115,0.009908,0.9801,-18.8479,high
8cfdb681-32cf-4ebf-81f1-5c0839ec82d5,FCM,474838,E. Martinez,1,attacking_third,left_channel,spatial_occupation,817,0.00564,0.001076,23.3984,-20.4688,high
8cfdb681-32cf-4ebf-81f1-5c0839ec82d5,FCM,533646,D. Osorio,1,attacking_third,central_channel,spatial_occupation,13521,0.098428,0.0178,28.982,4.1366,high
8cfdb681-32cf-4ebf-81f1-5c0839ec82d5,FCK,68640,T. Delaney,1,defensive_third,central_channel,spatial_occupation,20612,0.142289,0.027135,-35.0229,0.484,high
8cfdb681-32cf-4ebf-81f1-5c0839ec82d5,FCM,474838,E. Martinez,1,attacking_third,central_channel,spatial_occupation,11233,0.077544,0.014788,29.9252,-1.433,high
8cfdb681-32cf-4ebf-81f1-5c0839ec82d5,FCK,220246,P. Hatzidiakos,1,defensive_third,right_channel,spatial_occupation,6738,0.05354,0.00887,-33.2829,18.3274,high
8cfdb681-32cf-4ebf-81f1-5c0839ec82d5,FCM,533646,D. Osorio,1,attacking_third,right_channel,spatial_occupation,5907,0.043001,0.007776,31.2797,22.2902,high
8cfdb681-32cf-4ebf-81f1-5c0839ec82d5,FCK,166965,L. Lerager,1,defensive_third,central_channel,spatial_occupation,22593,0.155964,0.029743,-35.0725,-1.3312,high
8cfdb681-32cf-4ebf-81f1-5c0839ec82d5,FCK,193228,K. Diks,1,middle_third,right_channel,spatial_occupation,20576,0.142041,0.027087,-4.9051,21.9961,high
8cfdb681-32cf-4ebf-81f1-5c0839ec82d5,FCM,204164,J. Andersson,1,middle_third,central_channel,spatial_occupation,17784,0.122767,0.023412,1.98,-6.2689,high
8cfdb681-32cf-4ebf-81f1-5c0839ec82d5,FCK,433957,M. Mattsson,1,middle_third,right_channel,spatial_occupation,6578,0.059535,0.00866,2.8939,19.0433,high
8cfdb681-32cf-4ebf-81f1-5c0839ec82d5,FCK,96787,M. Elyounoussi,1,middle_third,central_channel,spatial_occupation,17057,0.130317,0.022455,1.2456,-3.841,high
8cfdb681-32cf-4ebf-81f1-5c0839ec82d5,FCM,551144,Franculino Dju,1,attacking_third,right_channel,spatial_occupation,2690,0.020838,0.003541,29.9408,20.5637,high
8cfdb681-32cf-4ebf-81f1-5c0839ec82d5,FCM,494784,Oliver Sorensen,1,middle_third,right_channel,spatial_occupation,7237,0.049959,0.009527,-2.3555,19.0869,high
8cfdb681-32cf-4ebf-81f1-5c0839ec82d5,FCM,477672,A. Simsir,1,middle_third,central_channel,spatial_occupation,15294,0.159165,0.020134,1.6839,-6.4265,high
8cfdb681-32cf-4ebf-81f1-5c0839ec82d5,FCK,68640,T. Delaney,1,defensive_third,right_channel,spatial_occupation,3232,0.022311,0.004255,-29.354,21.0177,high
8cfdb681-32cf-4ebf-81f1-5c0839ec82d5,FCM,477672,A. Simsir,1,attacking_third,central_channel,spatial_occupation,8731,0.090864,0.011494,32.7968,-9.8346,high
8cfdb681-32cf-4ebf-81f1-5c0839ec82d5,FCK,457214,G. Onugkha,1,attacking_third,central_channel,spatial_occupation,16194,0.111791,0.021319,35.5274,-0.8896,high
8cfdb681-32cf-4ebf-81f1-5c0839ec82d5,FCK,546545,E. Achouri,1,attacking_third,central_channel,spatial_occupation,11904,0.108091,0.015671,32.9909,4.9947,high
8cfdb681-32cf-4ebf-81f1-5c0839ec82d5,FCM,609108,O. Diao,1,defensive_third,central_channel,spatial_occupation,18526,0.127889,0.024389,-36.7698,3.3174,high
8cfdb681-32cf-4ebf-81f1-5c0839ec82d5,FCM,120721,K. Mbabu,1,defensive_third,central_channel,spatial_occupation,10573,0.072988,0.013919,-36.708,4.3882,high
8cfdb681-32cf-4ebf-81f1-5c0839ec82d5,FCM,228044,M. Bech,1,defensive_third,central_channel,spatial_occupation,19346,0.13355,0.025468,-35.9281,-1.0044,high
8cfdb681-32cf-4ebf-81f1-5c0839ec82d5,FCK,220246,P. Hatzidiakos,1,middle_third,central_channel,spatial_occupation,19383,0.154018,0.025517,-6.0091,2.7042,high
8cfdb681-32cf-4ebf-81f1-5c0839ec82d5,FCK,475413,Gabriel Pereira,1,middle_third,central_channel,spatial_occupation,18455,0.127399,0.024295,-6.3275,-1.7676,high
8cfdb681-32cf-4ebf-81f1-5c0839ec82d5,FCM,204164,J. Andersson,1,defensive_third,central_channel,spatial_occupation,11422,0.078849,0.015037,-37.8341,-5.9498,high
8cfdb681-32cf-4ebf-81f1-5c0839ec82d5,FCK,433957,M. Mattsson,1,attacking_third,central_channel,spatial_occupation,9383,0.084922,0.012352,31.9253,0.6458,high
8cfdb681-32cf-4ebf-81f1-5c0839ec82d5,FCM,494784,Oliver Sorensen,1,defensive_third,central_channel,spatial_occupation,10840,0.074831,0.01427,-35.8754,-0.418,high
8cfdb681-32cf-4ebf-81f1-5c0839ec82d5,FCK,96787,M. Elyounoussi,1,attacking_third,central_channel,spatial_occupation,10175,0.077738,0.013395,30.9547,-0.5774,high
8cfdb681-32cf-4ebf-81f1-5c0839ec82d5,FCM,474838,E. Martinez,1,defensive_third,central_channel,spatial_occupation,11586,0.079981,0.015252,-34.3241,0.2032,high
8cfdb681-32cf-4ebf-81f1-5c0839ec82d5,FCM,204164,J. Andersson,1,defensive_third,left_channel,spatial_occupation,7642,0.052754,0.01006,-30.1438,-24.4163,high
8cfdb681-32cf-4ebf-81f1-5c0839ec82d5,FCM,120721,K. Mbabu,1,defensive_third,right_channel,spatial_occupation,7973,0.055039,0.010496,-29.0799,23.5078,high
8cfdb681-32cf-4ebf-81f1-5c0839ec82d5,FCK,96787,M. Elyounoussi,1,attacking_third,left_channel,spatial_occupation,3518,0.026878,0.004631,29.218,-22.0098,high
8cfdb681-32cf-4ebf-81f1-5c0839ec82d5,FCK,68640,T. Delaney,1,attacking_third,central_channel,spatial_occupation,7515,0.051878,0.009893,34.389,0.5466,high
8cfdb681-32cf-4ebf-81f1-5c0839ec82d5,FCK,68640,T. Delaney,1,attacking_third,right_channel,spatial_occupation,2026,0.013986,0.002667,29.9726,20.199,high
8cfdb681-32cf-4ebf-81f1-5c0839ec82d5,FCK,68640,T. Delaney,1,middle_third,right_channel,spatial_occupation,10524,0.072649,0.013854,-1.2346,19.3552,high
8cfdb681-32cf-4ebf-81f1-5c0839ec82d5,FCK,433957,M. Mattsson,1,attacking_third,left_channel,spatial_occupation,2518,0.02279,0.003315,30.5765,-18.8575,high
8cfdb681-32cf-4ebf-81f1-5c0839ec82d5,FCM,228044,M. Bech,1,defensive_third,left_channel,spatial_occupation,4175,0.028821,0.005496,-31.8758,-19.7304,high
8cfdb681-32cf-4ebf-81f1-5c0839ec82d5,FCM,474838,E. Martinez,1,defensive_third,left_channel,spatial_occupation,2060,0.014221,0.002712,-30.0434,-21.3852,high
8cfdb681-32cf-4ebf-81f1-5c0839ec82d5,FCK,475413,Gabriel Pereira,1,middle_third,left_channel,spatial_occupation,8848,0.06108,0.011648,-4.0298,-22.9298,high
8cfdb681-32cf-4ebf-81f1-5c0839ec82d5,FCK,457214,G. Onugkha,1,attacking_third,left_channel,spatial_occupation,2585,0.017845,0.003403,33.4787,-22.5839,high
8cfdb681-32cf-4ebf-81f1-5c0839ec82d5,FCK,512627,G. Gocholeishvili,1,attacking_third,left_channel,spatial_occupation,2038,0.016179,0.002683,30.0028,-28.7096,high
8cfdb681-32cf-4ebf-81f1-5c0839ec82d5,FCM,477672,A. Simsir,1,defensive_third,left_channel,spatial_occupation,1820,0.018941,0.002396,-24.8315,-24.7137,high
8cfdb681-32cf-4ebf-81f1-5c0839ec82d5,FCM,494784,Oliver Sorensen,1,defensive_third,left_channel,spatial_occupation,1675,0.011563,0.002205,-30.611,-18.9775,high
8cfdb681-32cf-4ebf-81f1-5c0839ec82d5,FCK,546545,E. Achouri,1,attacking_third,right_channel,spatial_occupation,6324,0.057424,0.008325,30.0073,21.7869,high
8cfdb681-32cf-4ebf-81f1-5c0839ec82d5,FCK,220246,P. Hatzidiakos,1,middle_third,right_channel,spatial_occupation,5985,0.047557,0.007879,-7.7788,19.0128,high
8cfdb681-32cf-4ebf-81f1-5c0839ec82d5,FCM,551144,Franculino Dju,1,middle_third,right_channel,spatial_occupation,8202,0.063538,0.010798,3.0506,20.9258,high
8cfdb681-32cf-4ebf-81f1-5c0839ec82d5,FCM,551144,Franculino Dju,1,middle_third,left_channel,spatial_occupation,6389,0.049493,0.008411,1.7659,-22.7778,high
8cfdb681-32cf-4ebf-81f1-5c0839ec82d5,FCK,220246,P. Hatzidiakos,1,defensive_third,left_channel,spatial_occupation,1021,0.008113,0.001344,-24.7163,-15.5639,high
8cfdb681-32cf-4ebf-81f1-5c0839ec82d5,FCK,68640,T. Delaney,1,middle_third,left_channel,spatial_occupation,4330,0.029891,0.0057,0.2279,-19.4393,high
8cfdb681-32cf-4ebf-81f1-5c0839ec82d5,FCM,474838,E. Martinez,1,middle_third,right_channel,spatial_occupation,3179,0.021945,0.004185,0.6663,18.2763,high
8cfdb681-32cf-4ebf-81f1-5c0839ec82d5,FCM,609108,O. Diao,1,defensive_third,right_channel,spatial_occupation,4598,0.031741,0.006053,-30.751,22.3206,high
8cfdb681-32cf-4ebf-81f1-5c0839ec82d5,FCM,533646,D. Osorio,1,defensive_third,right_channel,spatial_occupation,2164,0.015753,0.002849,-31.8415,19.2047,high
8cfdb681-32cf-4ebf-81f1-5c0839ec82d5,FCM,240529,J. Kuchta,1,middle_third,right_channel,spatial_occupation,2872,0.029926,0.003781,5.4873,18.4297,high
8cfdb681-32cf-4ebf-81f1-5c0839ec82d5,FCK,433957,M. Mattsson,1,attacking_third,right_channel,spatial_occupation,5093,0.046095,0.006705,44.6206,25.3528,high
8cfdb681-32cf-4ebf-81f1-5c0839ec82d5,FCK,512627,G. Gocholeishvili,1,middle_third,central_channel,spatial_occupation,14328,0.113742,0.018862,0.077,-4.7735,high
8cfdb681-32cf-4ebf-81f1-5c0839ec82d5,FCM,204164,J. Andersson,1,attacking_third,left_channel,spatial_occupation,3387,0.023381,0.004459,26.7852,-26.1708,high
8cfdb681-32cf-4ebf-81f1-5c0839ec82d5,FCK,96787,M. Elyounoussi,1,defensive_third,left_channel,spatial_occupation,3378,0.025808,0.004447,-28.8781,-22.078,high
8cfdb681-32cf-4ebf-81f1-5c0839ec82d5,FCK,68640,T. Delaney,1,defensive_third,left_channel,spatial_occupation,685,0.004729,0.000902,-31.7194,-19.0934,high
8cfdb681-32cf-4ebf-81f1-5c0839ec82d5,FCM,120721,K. Mbabu,1,attacking_third,right_channel,spatial_occupation,6734,0.046486,0.008865,31.0508,22.8166,high
8cfdb681-32cf-4ebf-81f1-5c0839ec82d5,FCM,609108,O. Diao,1,middle_third,right_channel,spatial_occupation,4749,0.032783,0.006252,-6.2325,17.8476,high
8cfdb681-32cf-4ebf-81f1-5c0839ec82d5,FCK,512627,G. Gocholeishvili,1,defensive_third,central_channel,spatial_occupation,16801,0.133374,0.022118,-38.2877,-3.955,high
8cfdb681-32cf-4ebf-81f1-5c0839ec82d5,FCK,457214,G. Onugkha,1,middle_third,right_channel,spatial_occupation,5381,0.037146,0.007084,3.6197,19.9823,high
8cfdb681-32cf-4ebf-81f1-5c0839ec82d5,FCK,457214,G. Onugkha,1,attacking_third,right_channel,spatial_occupation,2095,0.014462,0.002758,28.2155,21.3795,high
8cfdb681-32cf-4ebf-81f1-5c0839ec82d5,FCM,494784,Oliver Sorensen,1,defensive_third,right_channel,spatial_occupation,1468,0.010134,0.001933,-29.6358,17.28,high
8cfdb681-32cf-4ebf-81f1-5c0839ec82d5,FCM,533646,D. Osorio,1,defensive_third,central_channel,spatial_occupation,7032,0.051191,0.009257,-32.4231,3.1884,high
8cfdb681-32cf-4ebf-81f1-5c0839ec82d5,FCM,474838,E. Martinez,1,defensive_third,right_channel,spatial_occupation,1298,0.00896,0.001709,-28.7482,19.0394,high
8cfdb681-32cf-4ebf-81f1-5c0839ec82d5,FCK,475413,Gabriel Pereira,1,middle_third,right_channel,spatial_occupation,1180,0.008146,0.001553,-6.9115,17.1146,high
8cfdb681-32cf-4ebf-81f1-5c0839ec82d5,FCK,166965,L. Lerager,1,middle_third,right_channel,spatial_occupation,2520,0.017396,0.003317,-0.1693,15.563,high
8cfdb681-32cf-4ebf-81f1-5c0839ec82d5,FCM,240529,J. Kuchta,1,attacking_third,right_channel,spatial_occupation,728,0.007586,0.000958,31.8638,17.9045,high
8cfdb681-32cf-4ebf-81f1-5c0839ec82d5,FCK,475413,Gabriel Pereira,1,defensive_third,right_channel,spatial_occupation,324,0.002237,0.000427,-38.5819,19.9681,high
8cfdb681-32cf-4ebf-81f1-5c0839ec82d5,FCM,477672,A. Simsir,1,defensive_third,central_channel,spatial_occupation,6351,0.066095,0.008361,-31.8184,-4.7186,high
8cfdb681-32cf-4ebf-81f1-5c0839ec82d5,FCK,96787,M. Elyounoussi,1,attacking_third,right_channel,spatial_occupation,1823,0.013928,0.0024,34.5467,21.2212,high
8cfdb681-32cf-4ebf-81f1-5c0839ec82d5,FCK,96787,M. Elyounoussi,1,middle_third,right_channel,spatial_occupation,716,0.00547,0.000943,9.1749,17.9997,high
8cfdb681-32cf-4ebf-81f1-5c0839ec82d5,FCM,494784,Oliver Sorensen,1,attacking_third,central_channel,spatial_occupation,18436,0.127268,0.02427,33.2316,-1.1227,high
8cfdb681-32cf-4ebf-81f1-5c0839ec82d5,FCK,546545,E. Achouri,1,defensive_third,central_channel,spatial_occupation,9914,0.090022,0.013051,-35.4665,1.9415,high
8cfdb681-32cf-4ebf-81f1-5c0839ec82d5,FCK,457214,G. Onugkha,1,defensive_third,central_channel,spatial_occupation,11342,0.078296,0.014931,-39.4401,1.5855,high
8cfdb681-32cf-4ebf-81f1-5c0839ec82d5,FCM,120721,K. Mbabu,1,attacking_third,central_channel,spatial_occupation,8827,0.060935,0.01162,43.5822,3.8711,high
8cfdb681-32cf-4ebf-81f1-5c0839ec82d5,FCM,533646,D. Osorio,1,attacking_third,left_channel,spatial_occupation,758,0.005518,0.000998,29.8438,-17.7719,high
8cfdb681-32cf-4ebf-81f1-5c0839ec82d5,FCK,433957,M. Mattsson,1,defensive_third,left_channel,spatial_occupation,1346,0.012182,0.001772,-30.3497,-18.5404,high
8cfdb681-32cf-4ebf-81f1-5c0839ec82d5,FCM,533646,D. Osorio,1,middle_third,left_channel,spatial_occupation,1438,0.010468,0.001893,2.5396,-18.8211,high
8cfdb681-32cf-4ebf-81f1-5c0839ec82d5,FCK,220246,P. Hatzidiakos,1,middle_third,left_channel,spatial_occupation,2918,0.023187,0.003841,0.5832,-20.0409,high
8cfdb681-32cf-4ebf-81f1-5c0839ec82d5,FCK,166965,L. Lerager,1,attacking_third,left_channel,spatial_occupation,1403,0.009685,0.001847,23.9948,-24.4883,high
8cfdb681-32cf-4ebf-81f1-5c0839ec82d5,FCM,240529,J. Kuchta,1,defensive_third,central_channel,spatial_occupation,6173,0.064323,0.008126,-35.6625,-2.2096,high
8cfdb681-32cf-4ebf-81f1-5c0839ec82d5,FCM,551144,Franculino Dju,1,defensive_third,left_channel,spatial_occupation,343,0.002657,0.000452,-21.612,-24.2012,high
8cfdb681-32cf-4ebf-81f1-5c0839ec82d5,FCM,240529,J. Kuchta,1,defensive_third,left_channel,spatial_occupation,339,0.003532,0.000446,-22.5833,-15.0237,high
8cfdb681-32cf-4ebf-81f1-5c0839ec82d5,FCK,475413,Gabriel Pereira,1,attacking_third,left_channel,spatial_occupation,143,0.000987,0.000188,21.0064,-26.2987,high
8cfdb681-32cf-4ebf-81f1-5c0839ec82d5,FCM,494784,Oliver Sorensen,1,attacking_third,right_channel,spatial_occupation,678,0.00468,0.000893,27.0425,19.6292,high
8cfdb681-32cf-4ebf-81f1-5c0839ec82d5,FCK,433957,M. Mattsson,1,defensive_third,central_channel,spatial_occupation,12762,0.115505,0.016801,-33.4614,0.1288,high
8cfdb681-32cf-4ebf-81f1-5c0839ec82d5,FCK,433957,M. Mattsson,1,defensive_third,right_channel,spatial_occupation,1002,0.009069,0.001319,-27.5015,17.6161,high
8cfdb681-32cf-4ebf-81f1-5c0839ec82d5,FCK,193228,K. Diks,1,attacking_third,central_channel,spatial_occupation,5779,0.039894,0.007608,39.9057,2.211,high
8cfdb681-32cf-4ebf-81f1-5c0839ec82d5,FCK,193228,K. Diks,1,attacking_third,right_channel,spatial_occupation,2386,0.016471,0.003141,35.5398,19.9335,high
8cfdb681-32cf-4ebf-81f1-5c0839ec82d5,FCK,512627,G. Gocholeishvili,1,attacking_third,central_channel,spatial_occupation,983,0.007804,0.001294,23.8003,-5.7595,high
8cfdb681-32cf-4ebf-81f1-5c0839ec82d5,FCK,166965,L. Lerager,1,attacking_third,central_channel,spatial_occupation,5469,0.037754,0.0072,33.9905,-1.4721,high
8cfdb681-32cf-4ebf-81f1-5c0839ec82d5,FCM,551144,Franculino Dju,1,defensive_third,right_channel,spatial_occupation,374,0.002897,0.000492,-23.4322,17.9818,high
8cfdb681-32cf-4ebf-81f1-5c0839ec82d5,FCK,220246,P. Hatzidiakos,1,attacking_third,central_channel,spatial_occupation,3559,0.02828,0.004685,39.9143,0.2231,high
8cfdb681-32cf-4ebf-81f1-5c0839ec82d5,FCK,475413,Gabriel Pereira,1,attacking_third,central_channel,spatial_occupation,3505,0.024196,0.004614,37.4526,-1.1991,high
8cfdb681-32cf-4ebf-81f1-5c0839ec82d5,FCM,551144,Franculino Dju,1,defensive_third,central_channel,spatial_occupation,5374,0.04163,0.007075,-37.9824,5.1788,high
8cfdb681-32cf-4ebf-81f1-5c0839ec82d5,FCK,232398,N. Trott,1,middle_third,central_channel,spatial_occupation,2275,0.015705,0.002995,-17.9702,-2.3211,high
8cfdb681-32cf-4ebf-81f1-5c0839ec82d5,FCK,68640,T. Delaney,1,attacking_third,left_channel,spatial_occupation,194,0.001339,0.000255,20.4942,-15.1001,high
8cfdb681-32cf-4ebf-81f1-5c0839ec82d5,FCM,609108,O. Diao,1,defensive_third,left_channel,spatial_occupation,786,0.005426,0.001035,-27.699,-14.4918,high
8cfdb681-32cf-4ebf-81f1-5c0839ec82d5,FCK,546545,E. Achouri,1,attacking_third,left_channel,spatial_occupation,69,0.000627,0.000091,29.1512,-13.5177,high
8cfdb681-32cf-4ebf-81f1-5c0839ec82d5,FCK,96787,M. Elyounoussi,1,defensive_third,central_channel,spatial_occupation,13012,0.099412,0.01713,-38.4069,-0.9413,high
8cfdb681-32cf-4ebf-81f1-5c0839ec82d5,FCK,546545,E. Achouri,1,defensive_third,right_channel,spatial_occupation,4502,0.040879,0.005927,-33.9279,22.963,high
8cfdb681-32cf-4ebf-81f1-5c0839ec82d5,FCM,474838,E. Martinez,1,attacking_third,right_channel,spatial_occupation,539,0.003721,0.00071,26.8399,17.8789,high
8cfdb681-32cf-4ebf-81f1-5c0839ec82d5,FCM,204164,J. Andersson,1,attacking_third,central_channel,spatial_occupation,5831,0.040253,0.007676,22.1688,-2.4131,high
8cfdb681-32cf-4ebf-81f1-5c0839ec82d5,FCM,228044,M. Bech,1,middle_third,right_channel,spatial_occupation,500,0.003452,0.000658,4.7428,16.8037,high
8cfdb681-32cf-4ebf-81f1-5c0839ec82d5,FCM,228044,M. Bech,1,attacking_third,central_channel,spatial_occupation,7555,0.052154,0.009946,40.9499,1.3152,high
8cfdb681-32cf-4ebf-81f1-5c0839ec82d5,FCM,609108,O. Diao,1,attacking_third,central_channel,spatial_occupation,9919,0.068473,0.013058,40.8255,0.8178,high
8cfdb681-32cf-4ebf-81f1-5c0839ec82d5,FCM,228044,M. Bech,1,attacking_third,right_channel,spatial_occupation,1923,0.013275,0.002532,40.0902,26.3618,high
8cfdb681-32cf-4ebf-81f1-5c0839ec82d5,FCM,430901,E. Olafsson,1,middle_third,central_channel,spatial_occupation,1223,0.008443,0.00161,-17.8747,0.1287,high
8cfdb681-32cf-4ebf-81f1-5c0839ec82d5,FCM,609108,O. Diao,1,attacking_third,right_channel,spatial_occupation,359,0.002478,0.000473,38.2593,18.0443,high
8cfdb681-32cf-4ebf-81f1-5c0839ec82d5,FCM,430901,E. Olafsson,1,defensive_third,right_channel,spatial_occupation,223,0.001539,0.000294,-42.9089,18.198,high
8cfdb681-32cf-4ebf-81f1-5c0839ec82d5,FCM,228044,M. Bech,1,attacking_third,left_channel,spatial_occupation,93,0.000642,0.000122,23.2637,-17.5085,high
8cfdb681-32cf-4ebf-81f1-5c0839ec82d5,FCM,533646,D. Osorio,1,defensive_third,left_channel,spatial_occupation,272,0.00198,0.000358,-22.8191,-14.7305,high
8cfdb681-32cf-4ebf-81f1-5c0839ec82d5,FCM,494784,Oliver Sorensen,1,attacking_third,left_channel,spatial_occupation,1380,0.009526,0.001817,30.0752,-20.4642,high
8cfdb681-32cf-4ebf-81f1-5c0839ec82d5,FCK,232398,N. Trott,1,defensive_third,left_channel,spatial_occupation,41,0.000283,0.000054,-50.5768,-13.6188,high
8cfdb681-32cf-4ebf-81f1-5c0839ec82d5,FCK,166965,L. Lerager,1,defensive_third,right_channel,spatial_occupation,84,0.00058,0.000111,-29.8437,14.936,high
8cfdb681-32cf-4ebf-81f1-5c0839ec82d5,FCK,457214,G. Onugkha,1,defensive_third,right_channel,spatial_occupation,244,0.001684,0.000321,-24.2985,15.3714,high
8cfdb681-32cf-4ebf-81f1-5c0839ec82d5,FCM,204164,J. Andersson,1,attacking_third,right_channel,spatial_occupation,139,0.00096,0.000183,21.5104,18.0979,high
8cfdb681-32cf-4ebf-81f1-5c0839ec82d5,FCK,166965,L. Lerager,1,attacking_third,right_channel,spatial_occupation,847,0.005847,0.001115,34.1625,18.0838,high
8cfdb681-32cf-4ebf-81f1-5c0839ec82d5,FCK,220246,P. Hatzidiakos,1,attacking_third,right_channel,spatial_occupation,703,0.005586,0.000925,36.2565,20.1952,high
8cfdb681-32cf-4ebf-81f1-5c0839ec82d5,FCK,475413,Gabriel Pereira,1,attacking_third,right_channel,spatial_occupation,645,0.004453,0.000849,36.5006,19.1728,high
8cfdb681-32cf-4ebf-81f1-5c0839ec82d5,FCK,512627,G. Gocholeishvili,1,attacking_third,right_channel,spatial_occupation,537,0.004263,0.000707,37.4396,18.8511,high
8cfdb681-32cf-4ebf-81f1-5c0839ec82d5,FCK,546545,E. Achouri,1,defensive_third,left_channel,spatial_occupation,42,0.000381,0.000055,-36.4176,-13.4788,high
8cfdb681-32cf-4ebf-81f1-5c0839ec82d5,FCK,193228,K. Diks,1,defensive_third,left_channel,spatial_occupation,501,0.003459,0.00066,-41.3422,-21.1695,high
8cfdb681-32cf-4ebf-81f1-5c0839ec82d5,FCK,232398,N. Trott,1,defensive_third,right_channel,spatial_occupation,374,0.002582,0.000492,-49.917,23.4112,high
8cfdb681-32cf-4ebf-81f1-5c0839ec82d5,FCM,228044,M. Bech,1,defensive_third,right_channel,spatial_occupation,37,0.000255,0.000049,-42.3465,13.9046,high
8cfdb681-32cf-4ebf-81f1-5c0839ec82d5,FCM,240529,J. Kuchta,2,middle_third,left_channel,spatial_occupation,2065,0.021517,0.002476,2.9016,-22.395,high
8cfdb681-32cf-4ebf-81f1-5c0839ec82d5,FCM,551144,Franculino Dju,2,middle_third,central_channel,spatial_occupation,14532,0.112573,0.017428,4.3796,-1.7824,high
8cfdb681-32cf-4ebf-81f1-5c0839ec82d5,FCM,533646,D. Osorio,2,middle_third,central_channel,spatial_occupation,15971,0.116263,0.019153,4.5908,-0.2066,high
8cfdb681-32cf-4ebf-81f1-5c0839ec82d5,FCM,228044,M. Bech,2,middle_third,central_channel,spatial_occupation,26032,0.179705,0.031219,-5.3373,1.3208,high
8cfdb681-32cf-4ebf-81f1-5c0839ec82d5,FCM,474838,E. Martinez,2,middle_third,central_channel,spatial_occupation,29584,0.204225,0.035479,-1.861,-0.9707,high
8cfdb681-32cf-4ebf-81f1-5c0839ec82d5,FCM,120721,K. Mbabu,2,middle_third,left_channel,spatial_occupation,28702,0.198136,0.034421,-1.3456,-23.4839,high
8cfdb681-32cf-4ebf-81f1-5c0839ec82d5,FCM,609108,O. Diao,2,middle_third,central_channel,spatial_occupation,22920,0.158222,0.027487,-4.4932,-3.0831,high
8cfdb681-32cf-4ebf-81f1-5c0839ec82d5,FCM,477672,A. Simsir,2,middle_third,central_channel,spatial_occupation,2953,0.030732,0.003541,-0.3954,-6.556,high
8cfdb681-32cf-4ebf-81f1-5c0839ec82d5,FCM,494784,Oliver Sorensen,2,middle_third,central_channel,spatial_occupation,21763,0.150235,0.0261,-1.2738,-1.0196,high
8cfdb681-32cf-4ebf-81f1-5c0839ec82d5,FCM,204164,J. Andersson,2,middle_third,right_channel,spatial_occupation,18060,0.124672,0.021659,-1.5485,23.8416,high
8cfdb681-32cf-4ebf-81f1-5c0839ec82d5,FCM,430901,E. Olafsson,2,defensive_third,central_channel,spatial_occupation,75143,0.518728,0.090116,-39.0371,-0.659,high
8cfdb681-32cf-4ebf-81f1-5c0839ec82d5,FCK,475413,Gabriel Pereira,2,defensive_third,central_channel,spatial_occupation,36379,0.251132,0.043628,-37.129,1.6059,high
8cfdb681-32cf-4ebf-81f1-5c0839ec82d5,FCK,96787,M. Elyounoussi,2,middle_third,central_channel,spatial_occupation,14851,0.113463,0.01781,-1.4279,-0.0632,high
8cfdb681-32cf-4ebf-81f1-5c0839ec82d5,FCK,512627,G. Gocholeishvili,2,defensive_third,central_channel,spatial_occupation,23140,0.183696,0.027751,-38.7275,2.5036,high
8cfdb681-32cf-4ebf-81f1-5c0839ec82d5,FCK,232398,N. Trott,2,defensive_third,central_channel,spatial_occupation,72868,0.503024,0.087388,-42.3227,-1.0909,high
8cfdb681-32cf-4ebf-81f1-5c0839ec82d5,FCK,220246,P. Hatzidiakos,2,defensive_third,central_channel,spatial_occupation,26444,0.210125,0.031713,-38.8331,-2.2102,high
8cfdb681-32cf-4ebf-81f1-5c0839ec82d5,FCK,166965,L. Lerager,2,middle_third,central_channel,spatial_occupation,23650,0.163261,0.028363,-3.1679,0.5351,high
8cfdb681-32cf-4ebf-81f1-5c0839ec82d5,FCK,457214,G. Onugkha,2,middle_third,central_channel,spatial_occupation,22908,0.158139,0.027473,2.9863,-2.8322,high
8cfdb681-32cf-4ebf-81f1-5c0839ec82d5,FCK,546545,E. Achouri,2,middle_third,left_channel,spatial_occupation,16203,0.147127,0.019432,-0.7548,-24.7581,high
8cfdb681-32cf-4ebf-81f1-5c0839ec82d5,FCK,433957,M. Mattsson,2,middle_third,central_channel,spatial_occupation,12042,0.108988,0.014442,-1.73,0.4133,high
8cfdb681-32cf-4ebf-81f1-5c0839ec82d5,FCK,68640,T. Delaney,2,middle_third,central_channel,spatial_occupation,21017,0.145085,0.025205,-3.2188,-2.3526,high
8cfdb681-32cf-4ebf-81f1-5c0839ec82d5,FCK,193228,K. Diks,2,defensive_third,left_channel,spatial_occupation,12046,0.083156,0.014446,-30.5916,-23.2538,high
8cfdb681-32cf-4ebf-81f1-5c0839ec82d5,FCM,240529,J. Kuchta,2,middle_third,central_channel,spatial_occupation,6867,0.071554,0.008235,3.6199,-4.7196,high
8cfdb681-32cf-4ebf-81f1-5c0839ec82d5,FCK,68640,T. Delaney,2,defensive_third,left_channel,spatial_occupation,5854,0.040411,0.00702,-31.1272,-21.2837,high
8cfdb681-32cf-4ebf-81f1-5c0839ec82d5,FCM,477672,A. Simsir,2,middle_third,left_channel,spatial_occupation,8385,0.087263,0.010056,3.9213,-25.019,high
8cfdb681-32cf-4ebf-81f1-5c0839ec82d5,FCM,120721,K. Mbabu,2,attacking_third,left_channel,spatial_occupation,8133,0.056144,0.009754,29.5923,-22.5501,high
8cfdb681-32cf-4ebf-81f1-5c0839ec82d5,FCK,546545,E. Achouri,2,defensive_third,left_channel,spatial_occupation,6760,0.061383,0.008107,-34.5119,-23.8787,high
8cfdb681-32cf-4ebf-81f1-5c0839ec82d5,FCK,166965,L. Lerager,2,defensive_third,central_channel,spatial_occupation,25574,0.176543,0.03067,-37.2041,0.7245,high
8cfdb681-32cf-4ebf-81f1-5c0839ec82d5,FCM,551144,Franculino Dju,2,attacking_third,central_channel,spatial_occupation,24694,0.191294,0.029615,38.1428,-1.4888,high
8cfdb681-32cf-4ebf-81f1-5c0839ec82d5,FCM,204164,J. Andersson,2,middle_third,central_channel,spatial_occupation,27023,0.186546,0.032408,1.5817,3.7914,high
8cfdb681-32cf-4ebf-81f1-5c0839ec82d5,FCM,240529,J. Kuchta,2,attacking_third,central_channel,spatial_occupation,13619,0.14191,0.016333,38.3287,-0.0299,high
8cfdb681-32cf-4ebf-81f1-5c0839ec82d5,FCK,433957,M. Mattsson,2,middle_third,left_channel,spatial_occupation,6651,0.060196,0.007976,-2.5188,-20.8386,high
8cfdb681-32cf-4ebf-81f1-5c0839ec82d5,FCM,477672,A. Simsir,2,attacking_third,left_channel,spatial_occupation,7490,0.077949,0.008982,28.7365,-24.5269,high
8cfdb681-32cf-4ebf-81f1-5c0839ec82d5,FCM,533646,D. Osorio,2,attacking_third,central_channel,spatial_occupation,12450,0.090632,0.014931,30.037,1.8805,high
8cfdb681-32cf-4ebf-81f1-5c0839ec82d5,FCK,96787,M. Elyounoussi,2,defensive_third,central_channel,spatial_occupation,17746,0.135581,0.021282,-36.9114,-0.9336,high
8cfdb681-32cf-4ebf-81f1-5c0839ec82d5,FCM,494784,Oliver Sorensen,2,middle_third,left_channel,spatial_occupation,11106,0.076667,0.013319,0.0259,-22.4156,high
8cfdb681-32cf-4ebf-81f1-5c0839ec82d5,FCK,220246,P. Hatzidiakos,2,defensive_third,left_channel,spatial_occupation,8221,0.065324,0.009859,-33.0357,-19.7858,high
8cfdb681-32cf-4ebf-81f1-5c0839ec82d5,FCK,457214,G. Onugkha,2,middle_third,left_channel,spatial_occupation,11229,0.077516,0.013467,1.8943,-22.1247,high
8cfdb681-32cf-4ebf-81f1-5c0839ec82d5,FCM,240529,J. Kuchta,2,attacking_third,left_channel,spatial_occupation,1971,0.020538,0.002364,28.7488,-21.097,high
8cfdb681-32cf-4ebf-81f1-5c0839ec82d5,FCM,474838,E. Martinez,2,middle_third,left_channel,spatial_occupation,7896,0.054508,0.009469,1.5709,-18.7178,high
8cfdb681-32cf-4ebf-81f1-5c0839ec82d5,FCM,551144,Franculino Dju,2,attacking_third,left_channel,spatial_occupation,5672,0.043939,0.006802,28.7098,-20.0821,high
8cfdb681-32cf-4ebf-81f1-5c0839ec82d5,FCM,609108,O. Diao,2,middle_third,left_channel,spatial_occupation,10537,0.072739,0.012637,-4.5001,-21.5711,high
8cfdb681-32cf-4ebf-81f1-5c0839ec82d5,FCK,166965,L. Lerager,2,defensive_third,left_channel,spatial_occupation,1384,0.009554,0.00166,-25.2553,-15.5395,high
8cfdb681-32cf-4ebf-81f1-5c0839ec82d5,FCK,166965,L. Lerager,2,middle_third,left_channel,spatial_occupation,5119,0.035338,0.006139,-2.9907,-19.5609,high
8cfdb681-32cf-4ebf-81f1-5c0839ec82d5,FCK,68640,T. Delaney,2,middle_third,left_channel,spatial_occupation,11947,0.082473,0.014328,-1.3128,-20.9362,high
8cfdb681-32cf-4ebf-81f1-5c0839ec82d5,FCK,193228,K. Diks,2,middle_third,left_channel,spatial_occupation,21033,0.145195,0.025224,-7.2924,-22.7139,high
8cfdb681-32cf-4ebf-81f1-5c0839ec82d5,FCK,220246,P. Hatzidiakos,2,middle_third,left_channel,spatial_occupation,6646,0.052809,0.00797,-7.9111,-20.52,high
8cfdb681-32cf-4ebf-81f1-5c0839ec82d5,FCM,228044,M. Bech,2,middle_third,left_channel,spatial_occupation,2471,0.017058,0.002963,-2.0256,-18.551,high
8cfdb681-32cf-4ebf-81f1-5c0839ec82d5,FCK,475413,Gabriel Pereira,2,middle_third,central_channel,spatial_occupation,23729,0.163806,0.028457,-5.6496,0.4049,high
8cfdb681-32cf-4ebf-81f1-5c0839ec82d5,FCM,551144,Franculino Dju,2,middle_third,left_channel,spatial_occupation,7604,0.058905,0.009119,6.0889,-18.9701,high
8cfdb681-32cf-4ebf-81f1-5c0839ec82d5,FCK,512627,G. Gocholeishvili,2,middle_third,central_channel,spatial_occupation,10265,0.081488,0.01231,-5.2645,5.7248,high
8cfdb681-32cf-4ebf-81f1-5c0839ec82d5,FCK,475413,Gabriel Pereira,2,defensive_third,left_channel,spatial_occupation,1137,0.007849,0.001364,-28.2695,-16.1425,high
8cfdb681-32cf-4ebf-81f1-5c0839ec82d5,FCM,494784,Oliver Sorensen,2,attacking_third,left_channel,spatial_occupation,2483,0.017141,0.002978,27.814,-21.3193,high
8cfdb681-32cf-4ebf-81f1-5c0839ec82d5,FCK,433957,M. Mattsson,2,defensive_third,left_channel,spatial_occupation,2880,0.026066,0.003454,-33.2168,-18.7659,high
8cfdb681-32cf-4ebf-81f1-5c0839ec82d5,FCM,474838,E. Martinez,2,attacking_third,left_channel,spatial_occupation,1025,0.007076,0.001229,21.7236,-15.6487,high
8cfdb681-32cf-4ebf-81f1-5c0839ec82d5,FCM,204164,J. Andersson,2,attacking_third,central_channel,spatial_occupation,7852,0.054204,0.009417,22.5428,2.0885,high
8cfdb681-32cf-4ebf-81f1-5c0839ec82d5,FCM,474838,E. Martinez,2,attacking_third,central_channel,spatial_occupation,15315,0.105723,0.018367,30.4901,-0.6052,high
8cfdb681-32cf-4ebf-81f1-5c0839ec82d5,FCK,433957,M. Mattsson,2,defensive_third,central_channel,spatial_occupation,12446,0.112645,0.014926,-35.7189,-1.4719,high
8cfdb681-32cf-4ebf-81f1-5c0839ec82d5,FCM,494784,Oliver Sorensen,2,attacking_third,central_channel,spatial_occupation,18939,0.13074,0.022713,37.2698,0.2735,high
8cfdb681-32cf-4ebf-81f1-5c0839ec82d5,FCK,457214,G. Onugkha,2,defensive_third,left_channel,spatial_occupation,798,0.005509,0.000957,-29.0765,-18.5486,high
8cfdb681-32cf-4ebf-81f1-5c0839ec82d5,FCM,609108,O. Diao,2,attacking_third,left_channel,spatial_occupation,151,0.001042,0.000181,21.4745,-15.2039,high
8cfdb681-32cf-4ebf-81f1-5c0839ec82d5,FCM,228044,M. Bech,2,attacking_third,left_channel,spatial_occupation,1766,0.012191,0.002118,31.9993,-29.5128,high
8cfdb681-32cf-4ebf-81f1-5c0839ec82d5,FCK,68640,T. Delaney,2,defensive_third,central_channel,spatial_occupation,22908,0.158139,0.027473,-39.1119,-1.1358,high
8cfdb681-32cf-4ebf-81f1-5c0839ec82d5,FCK,457214,G. Onugkha,2,defensive_third,central_channel,spatial_occupation,15798,0.109057,0.018946,-41.8996,-1.1382,high
8cfdb681-32cf-4ebf-81f1-5c0839ec82d5,FCM,609108,O. Diao,2,attacking_third,central_channel,spatial_occupation,13739,0.094843,0.016477,41.8025,-2.063,high
8cfdb681-32cf-4ebf-81f1-5c0839ec82d5,FCM,120721,K. Mbabu,2,attacking_third,central_channel,spatial_occupation,11363,0.078441,0.013627,43.0159,-2.854,high
8cfdb681-32cf-4ebf-81f1-5c0839ec82d5,FCK,96787,M. Elyounoussi,2,defensive_third,left_channel,spatial_occupation,2958,0.022599,0.003547,-34.1919,-20.6549,high
8cfdb681-32cf-4ebf-81f1-5c0839ec82d5,FCK,193228,K. Diks,2,defensive_third,central_channel,spatial_occupation,21605,0.149144,0.02591,-40.1802,-2.9363,high
8cfdb681-32cf-4ebf-81f1-5c0839ec82d5,FCM,204164,J. Andersson,2,middle_third,left_channel,spatial_occupation,779,0.005378,0.000934,8.0746,-16.7844,high
8cfdb681-32cf-4ebf-81f1-5c0839ec82d5,FCM,228044,M. Bech,2,attacking_third,central_channel,spatial_occupation,12694,0.087629,0.015223,41.2597,0.5044,high
8cfdb681-32cf-4ebf-81f1-5c0839ec82d5,FCM,533646,D. Osorio,2,attacking_third,left_channel,spatial_occupation,7990,0.058165,0.009582,39.175,-26.0625,high
8cfdb681-32cf-4ebf-81f1-5c0839ec82d5,FCM,477672,A. Simsir,2,attacking_third,central_channel,spatial_occupation,5611,0.058394,0.006729,32.0314,-2.2426,high
8cfdb681-32cf-4ebf-81f1-5c0839ec82d5,FCK,546545,E. Achouri,2,defensive_third,central_channel,spatial_occupation,8985,0.081586,0.010775,-34.9183,-2.2697,high
8cfdb681-32cf-4ebf-81f1-5c0839ec82d5,FCM,430901,E. Olafsson,2,middle_third,central_channel,spatial_occupation,456,0.003148,0.000547,-17.8981,-0.8605,high
8cfdb681-32cf-4ebf-81f1-5c0839ec82d5,FCM,204164,J. Andersson,2,attacking_third,left_channel,spatial_occupation,592,0.004087,0.00071,19.4731,-14.9582,high
8cfdb681-32cf-4ebf-81f1-5c0839ec82d5,FCM,533646,D. Osorio,2,middle_third,left_channel,spatial_occupation,16108,0.117261,0.019318,1.1734,-22.5772,high
8cfdb681-32cf-4ebf-81f1-5c0839ec82d5,FCM,609108,O. Diao,2,defensive_third,left_channel,spatial_occupation,8288,0.057214,0.00994,-32.9101,-21.8134,high
8cfdb681-32cf-4ebf-81f1-5c0839ec82d5,FCM,204164,J. Andersson,2,defensive_third,central_channel,spatial_occupation,13384,0.092393,0.016051,-34.3426,4.3029,high
8cfdb681-32cf-4ebf-81f1-5c0839ec82d5,FCK,457214,G. Onugkha,2,attacking_third,left_channel,spatial_occupation,2826,0.019508,0.003389,32.5139,-20.4364,high
8cfdb681-32cf-4ebf-81f1-5c0839ec82d5,FCM,228044,M. Bech,2,defensive_third,left_channel,spatial_occupation,520,0.00359,0.000624,-27.2281,-19.5755,high
8cfdb681-32cf-4ebf-81f1-5c0839ec82d5,FCK,433957,M. Mattsson,2,attacking_third,left_channel,spatial_occupation,1319,0.011938,0.001582,27.0277,-20.3351,high
8cfdb681-32cf-4ebf-81f1-5c0839ec82d5,FCM,474838,E. Martinez,2,defensive_third,left_channel,spatial_occupation,3172,0.021897,0.003804,-29.9989,-19.6148,high
8cfdb681-32cf-4ebf-81f1-5c0839ec82d5,FCM,494784,Oliver Sorensen,2,defensive_third,left_channel,spatial_occupation,2045,0.014117,0.002452,-29.6932,-18.0008,high
8cfdb681-32cf-4ebf-81f1-5c0839ec82d5,FCM,120721,K. Mbabu,2,defensive_third,left_channel,spatial_occupation,7590,0.052395,0.009102,-29.8561,-22.8545,high
8cfdb681-32cf-4ebf-81f1-5c0839ec82d5,FCK,546545,E. Achouri,2,attacking_third,left_channel,spatial_occupation,2479,0.02251,0.002973,29.1241,-23.3382,high
8cfdb681-32cf-4ebf-81f1-5c0839ec82d5,FCM,228044,M. Bech,2,defensive_third,central_channel,spatial_occupation,21954,0.151553,0.026329,-34.3436,1.1943,high
8cfdb681-32cf-4ebf-81f1-5c0839ec82d5,FCM,477672,A. Simsir,2,defensive_third,left_channel,spatial_occupation,228,0.002373,0.000273,-22.2619,-29.9332,high
8cfdb681-32cf-4ebf-81f1-5c0839ec82d5,FCK,96787,M. Elyounoussi,2,attacking_third,central_channel,spatial_occupation,6009,0.045909,0.007206,33.4021,-3.627,high
8cfdb681-32cf-4ebf-81f1-5c0839ec82d5,FCK,193228,K. Diks,2,attacking_third,left_channel,spatial_occupation,1504,0.010382,0.001804,24.174,-33.7293,high
8cfdb681-32cf-4ebf-81f1-5c0839ec82d5,FCM,533646,D. Osorio,2,defensive_third,central_channel,spatial_occupation,3964,0.028857,0.004754,-28.6401,-7.0906,high
8cfdb681-32cf-4ebf-81f1-5c0839ec82d5,FCK,68640,T. Delaney,2,attacking_third,left_channel,spatial_occupation,1777,0.012267,0.002131,26.8378,-24.9675,high
8cfdb681-32cf-4ebf-81f1-5c0839ec82d5,FCM,240529,J. Kuchta,2,defensive_third,left_channel,spatial_occupation,77,0.000802,0.000092,-19.6732,-23.6201,high
8cfdb681-32cf-4ebf-81f1-5c0839ec82d5,FCK,475413,Gabriel Pereira,2,middle_third,left_channel,spatial_occupation,1470,0.010148,0.001763,-6.5823,-22.135,high
8cfdb681-32cf-4ebf-81f1-5c0839ec82d5,FCM,474838,E. Martinez,2,defensive_third,central_channel,spatial_occupation,11501,0.079394,0.013793,-31.4199,0.6097,high
8cfdb681-32cf-4ebf-81f1-5c0839ec82d5,FCK,457214,G. Onugkha,2,attacking_third,central_channel,spatial_occupation,16567,0.114366,0.019868,33.1838,-1.0571,high
8cfdb681-32cf-4ebf-81f1-5c0839ec82d5,FCM,494784,Oliver Sorensen,2,defensive_third,central_channel,spatial_occupation,8547,0.059002,0.01025,-32.4849,1.4467,high
8cfdb681-32cf-4ebf-81f1-5c0839ec82d5,FCK,433957,M. Mattsson,2,attacking_third,central_channel,spatial_occupation,2199,0.019902,0.002637,28.1149,0.7344,high
8cfdb681-32cf-4ebf-81f1-5c0839ec82d5,FCM,609108,O. Diao,2,defensive_third,central_channel,spatial_occupation,17516,0.120917,0.021006,-33.6101,-2.1742,high
8cfdb681-32cf-4ebf-81f1-5c0839ec82d5,FCK,68640,T. Delaney,2,attacking_third,central_channel,spatial_occupation,6221,0.042945,0.007461,30.6131,1.7634,high
8cfdb681-32cf-4ebf-81f1-5c0839ec82d5,FCK,220246,P. Hatzidiakos,2,middle_third,central_channel,spatial_occupation,14206,0.112881,0.017037,-9.0898,-3.484,high
8cfdb681-32cf-4ebf-81f1-5c0839ec82d5,FCM,204164,J. Andersson,2,defensive_third,right_channel,spatial_occupation,6201,0.042807,0.007437,-30.7317,20.2768,high
8cfdb681-32cf-4ebf-81f1-5c0839ec82d5,FCK,96787,M. Elyounoussi,2,attacking_third,right_channel,spatial_occupation,2016,0.015402,0.002418,32.3605,21.9368,high
8cfdb681-32cf-4ebf-81f1-5c0839ec82d5,FCK,546545,E. Achouri,2,attacking_third,central_channel,spatial_occupation,1936,0.017579,0.002322,26.9945,-3.1212,high
8cfdb681-32cf-4ebf-81f1-5c0839ec82d5,FCK,512627,G. Gocholeishvili,2,middle_third,right_channel,spatial_occupation,13181,0.104637,0.015808,-2.9279,22.6466,high
8cfdb681-32cf-4ebf-81f1-5c0839ec82d5,FCM,474838,E. Martinez,2,defensive_third,right_channel,spatial_occupation,1383,0.009547,0.001659,-25.5026,18.1793,high
8cfdb681-32cf-4ebf-81f1-5c0839ec82d5,FCM,474838,E. Martinez,2,middle_third,right_channel,spatial_occupation,5661,0.039079,0.006789,1.1821,18.3644,high
8cfdb681-32cf-4ebf-81f1-5c0839ec82d5,FCK,166965,L. Lerager,2,middle_third,right_channel,spatial_occupation,7944,0.054839,0.009527,-2.3958,21.788,high
8cfdb681-32cf-4ebf-81f1-5c0839ec82d5,FCK,433957,M. Mattsson,2,attacking_third,right_channel,spatial_occupation,1494,0.013522,0.001792,38.8944,21.831,high
8cfdb681-32cf-4ebf-81f1-5c0839ec82d5,FCK,193228,K. Diks,2,middle_third,central_channel,spatial_occupation,14689,0.101401,0.017616,-0.753,-4.288,high
8cfdb681-32cf-4ebf-81f1-5c0839ec82d5,FCM,533646,D. Osorio,2,middle_third,right_channel,spatial_occupation,3855,0.028063,0.004623,4.1391,21.7314,high
8cfdb681-32cf-4ebf-81f1-5c0839ec82d5,FCK,433957,M. Mattsson,2,middle_third,right_channel,spatial_occupation,2141,0.019377,0.002568,1.8768,20.2976,high
8cfdb681-32cf-4ebf-81f1-5c0839ec82d5,FCM,240529,J. Kuchta,2,middle_third,right_channel,spatial_occupation,1148,0.011962,0.001377,-3.2436,19.4146,high
8cfdb681-32cf-4ebf-81f1-5c0839ec82d5,FCK,475413,Gabriel Pereira,2,middle_third,right_channel,spatial_occupation,6404,0.044208,0.00768,-0.1343,21.4611,high
8cfdb681-32cf-4ebf-81f1-5c0839ec82d5,FCM,120721,K. Mbabu,2,defensive_third,central_channel,spatial_occupation,11025,0.076108,0.013222,-35.7363,-6.3423,high
8cfdb681-32cf-4ebf-81f1-5c0839ec82d5,FCM,228044,M. Bech,2,defensive_third,right_channel,spatial_occupation,2771,0.019129,0.003323,-27.287,19.6149,high
8cfdb681-32cf-4ebf-81f1-5c0839ec82d5,FCM,533646,D. Osorio,2,defensive_third,right_channel,spatial_occupation,974,0.00709,0.001168,-22.7238,27.8791,high
8cfdb681-32cf-4ebf-81f1-5c0839ec82d5,FCK,68640,T. Delaney,2,middle_third,right_channel,spatial_occupation,3087,0.02131,0.003702,-2.247,18.764,high
8cfdb681-32cf-4ebf-81f1-5c0839ec82d5,FCK,96787,M. Elyounoussi,2,middle_third,right_channel,spatial_occupation,8798,0.067217,0.010551,-0.3189,20.2822,high
8cfdb681-32cf-4ebf-81f1-5c0839ec82d5,FCM,551144,Franculino Dju,2,middle_third,right_channel,spatial_occupation,3194,0.024743,0.00383,3.4434,22.6573,high
8cfdb681-32cf-4ebf-81f1-5c0839ec82d5,FCM,120721,K. Mbabu,2,middle_third,central_channel,spatial_occupation,8310,0.057366,0.009966,-1.8674,-8.1424,high
8cfdb681-32cf-4ebf-81f1-5c0839ec82d5,FCM,228044,M. Bech,2,middle_third,right_channel,spatial_occupation,6456,0.044567,0.007742,-5.3362,20.3887,high
8cfdb681-32cf-4ebf-81f1-5c0839ec82d5,FCK,475413,Gabriel Pereira,2,defensive_third,right_channel,spatial_occupation,4078,0.028151,0.004891,-31.8268,20.2812,high
8cfdb681-32cf-4ebf-81f1-5c0839ec82d5,FCK,546545,E. Achouri,2,middle_third,central_channel,spatial_occupation,3552,0.032253,0.00426,1.5758,-6.2454,high
8cfdb681-32cf-4ebf-81f1-5c0839ec82d5,FCM,551144,Franculino Dju,2,attacking_third,right_channel,spatial_occupation,2661,0.020614,0.003191,46.033,20.4,high
8cfdb681-32cf-4ebf-81f1-5c0839ec82d5,FCK,68640,T. Delaney,2,defensive_third,right_channel,spatial_occupation,1060,0.007317,0.001271,-28.5891,17.0297,high
8cfdb681-32cf-4ebf-81f1-5c0839ec82d5,FCK,512627,G. Gocholeishvili,2,defensive_third,right_channel,spatial_occupation,6825,0.05418,0.008185,-30.0781,23.0266,high
8cfdb681-32cf-4ebf-81f1-5c0839ec82d5,FCM,494784,Oliver Sorensen,2,attacking_third,right_channel,spatial_occupation,3298,0.022767,0.003955,37.2427,22.885,high
8cfdb681-32cf-4ebf-81f1-5c0839ec82d5,FCK,96787,M. Elyounoussi,2,defensive_third,right_channel,spatial_occupation,1130,0.008633,0.001355,-30.0918,20.231,high
8cfdb681-32cf-4ebf-81f1-5c0839ec82d5,FCM,477672,A. Simsir,2,attacking_third,right_channel,spatial_occupation,1877,0.019534,0.002251,47.1138,26.4346,high
8cfdb681-32cf-4ebf-81f1-5c0839ec82d5,FCK,193228,K. Diks,2,defensive_third,right_channel,spatial_occupation,640,0.004418,0.000768,-38.3474,15.0873,high
8cfdb681-32cf-4ebf-81f1-5c0839ec82d5,FCM,474838,E. Martinez,2,attacking_third,right_channel,spatial_occupation,267,0.001843,0.00032,29.3566,15.7348,high
8cfdb681-32cf-4ebf-81f1-5c0839ec82d5,FCK,546545,E. Achouri,2,defensive_third,right_channel,spatial_occupation,94,0.000854,0.000113,-38.8507,15.0683,high
8cfdb681-32cf-4ebf-81f1-5c0839ec82d5,FCM,533646,D. Osorio,2,attacking_third,right_channel,spatial_occupation,3286,0.023921,0.003941,38.3274,21.9291,high
8cfdb681-32cf-4ebf-81f1-5c0839ec82d5,FCK,166965,L. Lerager,2,defensive_third,right_channel,spatial_occupation,2257,0.015581,0.002707,-28.0708,22.0673,high
8cfdb681-32cf-4ebf-81f1-5c0839ec82d5,FCM,240529,J. Kuchta,2,attacking_third,right_channel,spatial_occupation,1030,0.010733,0.001235,27.9539,19.4115,high
8cfdb681-32cf-4ebf-81f1-5c0839ec82d5,FCK,433957,M. Mattsson,2,defensive_third,right_channel,spatial_occupation,261,0.002362,0.000313,-25.485,21.2333,high
8cfdb681-32cf-4ebf-81f1-5c0839ec82d5,FCK,96787,M. Elyounoussi,2,middle_third,left_channel,spatial_occupation,7084,0.054122,0.008496,0.7818,-22.5904,high
8cfdb681-32cf-4ebf-81f1-5c0839ec82d5,FCM,204164,J. Andersson,2,attacking_third,right_channel,spatial_occupation,1913,0.013206,0.002294,25.7064,23.1273,high
8cfdb681-32cf-4ebf-81f1-5c0839ec82d5,FCM,494784,Oliver Sorensen,2,middle_third,right_channel,spatial_occupation,5565,0.038416,0.006674,-0.3446,21.1947,high
8cfdb681-32cf-4ebf-81f1-5c0839ec82d5,FCK,457214,G. Onugkha,2,middle_third,right_channel,spatial_occupation,2889,0.019943,0.003465,-0.0426,17.619,high
8cfdb681-32cf-4ebf-81f1-5c0839ec82d5,FCK,512627,G. Gocholeishvili,2,attacking_third,right_channel,spatial_occupation,2956,0.023466,0.003545,32.6108,23.0068,high
8cfdb681-32cf-4ebf-81f1-5c0839ec82d5,FCM,494784,Oliver Sorensen,2,defensive_third,right_channel,spatial_occupation,2058,0.014207,0.002468,-34.1754,20.7321,high
8cfdb681-32cf-4ebf-81f1-5c0839ec82d5,FCK,220246,P. Hatzidiakos,2,middle_third,right_channel,spatial_occupation,350,0.002781,0.00042,-0.4392,15.1516,high
8cfdb681-32cf-4ebf-81f1-5c0839ec82d5,FCM,240529,J. Kuchta,2,defensive_third,right_channel,spatial_occupation,136,0.001417,0.000163,-19.9158,23.4851,high
8cfdb681-32cf-4ebf-81f1-5c0839ec82d5,FCK,232398,N. Trott,2,defensive_third,right_channel,spatial_occupation,359,0.002478,0.000431,-41.2836,18.1936,high
8cfdb681-32cf-4ebf-81f1-5c0839ec82d5,FCK,166965,L. Lerager,2,attacking_third,right_channel,spatial_occupation,3999,0.027606,0.004796,33.9106,22.6575,high
8cfdb681-32cf-4ebf-81f1-5c0839ec82d5,FCK,457214,G. Onugkha,2,attacking_third,right_channel,spatial_occupation,2560,0.017672,0.00307,34.3864,21.4824,high
8cfdb681-32cf-4ebf-81f1-5c0839ec82d5,FCM,477672,A. Simsir,2,defensive_third,central_channel,spatial_occupation,489,0.005089,0.000586,-22.6464,-4.4992,high
8cfdb681-32cf-4ebf-81f1-5c0839ec82d5,FCK,166965,L. Lerager,2,attacking_third,central_channel,spatial_occupation,5429,0.037478,0.006511,30.977,2.9624,high
8cfdb681-32cf-4ebf-81f1-5c0839ec82d5,FCK,193228,K. Diks,2,attacking_third,central_channel,spatial_occupation,3159,0.021807,0.003788,32.0746,-0.0729,high
8cfdb681-32cf-4ebf-81f1-5c0839ec82d5,FCK,68640,T. Delaney,2,attacking_third,right_channel,spatial_occupation,1933,0.013344,0.002318,36.432,18.8068,high
8cfdb681-32cf-4ebf-81f1-5c0839ec82d5,FCK,220246,P. Hatzidiakos,2,attacking_third,central_channel,spatial_occupation,117,0.00093,0.00014,30.3083,7.1845,high
8cfdb681-32cf-4ebf-81f1-5c0839ec82d5,FCK,475413,Gabriel Pereira,2,attacking_third,right_channel,spatial_occupation,1186,0.008187,0.001422,37.083,22.0217,high
8cfdb681-32cf-4ebf-81f1-5c0839ec82d5,FCK,546545,E. Achouri,2,attacking_third,right_channel,spatial_occupation,1064,0.009661,0.001276,44.9785,22.4773,high
8cfdb681-32cf-4ebf-81f1-5c0839ec82d5,FCK,220246,P. Hatzidiakos,2,attacking_third,right_channel,spatial_occupation,809,0.006428,0.00097,42.7982,22.0004,high
8cfdb681-32cf-4ebf-81f1-5c0839ec82d5,FCK,193228,K. Diks,2,attacking_third,right_channel,spatial_occupation,907,0.006261,0.001088,42.357,19.3747,high
8cfdb681-32cf-4ebf-81f1-5c0839ec82d5,FCK,232398,N. Trott,2,defensive_third,left_channel,spatial_occupation,558,0.003852,0.000669,-32.599,-18.7006,high
8cfdb681-32cf-4ebf-81f1-5c0839ec82d5,FCK,232398,N. Trott,2,middle_third,left_channel,spatial_occupation,545,0.003762,0.000654,-10.8331,-28.1039,high
8cfdb681-32cf-4ebf-81f1-5c0839ec82d5,FCK,457214,G. Onugkha,2,defensive_third,right_channel,spatial_occupation,229,0.001581,0.000275,-21.8558,18.8046,high
8cfdb681-32cf-4ebf-81f1-5c0839ec82d5,FCM,423651,E. Chilufya,2,middle_third,left_channel,spatial_occupation,6171,0.12622,0.007401,1.2161,-21.7148,high
8cfdb681-32cf-4ebf-81f1-5c0839ec82d5,FCM,568423,V. Byskov,2,middle_third,left_channel,spatial_occupation,431,0.008837,0.000517,0.1989,-23.9215,high
8cfdb681-32cf-4ebf-81f1-5c0839ec82d5,FCM,423651,E. Chilufya,2,attacking_third,left_channel,spatial_occupation,2281,0.046655,0.002736,32.2849,-21.1596,high
8cfdb681-32cf-4ebf-81f1-5c0839ec82d5,FCM,423651,E. Chilufya,2,attacking_third,central_channel,spatial_occupation,13483,0.275777,0.01617,35.494,-1.4054,high
8cfdb681-32cf-4ebf-81f1-5c0839ec82d5,FCM,568423,V. Byskov,2,middle_third,central_channel,spatial_occupation,9689,0.198663,0.01162,2.5771,5.7431,high
8cfdb681-32cf-4ebf-81f1-5c0839ec82d5,FCM,568423,V. Byskov,2,attacking_third,central_channel,spatial_occupation,4958,0.101659,0.005946,29.9462,1.6148,high
8cfdb681-32cf-4ebf-81f1-5c0839ec82d5,FCM,568423,V. Byskov,2,attacking_third,right_channel,spatial_occupation,7833,0.160608,0.009394,34.7738,23.6157,high
8cfdb681-32cf-4ebf-81f1-5c0839ec82d5,FCM,423651,E. Chilufya,2,middle_third,central_channel,spatial_occupation,15302,0.312982,0.018351,4.247,-1.7679,high
8cfdb681-32cf-4ebf-81f1-5c0839ec82d5,FCM,568423,V. Byskov,2,middle_third,right_channel,spatial_occupation,14404,0.295339,0.017274,1.2206,23.3492,high
8cfdb681-32cf-4ebf-81f1-5c0839ec82d5,FCM,568423,V. Byskov,2,attacking_third,left_channel,spatial_occupation,2511,0.051486,0.003011,39.8061,-26.9704,high
8cfdb681-32cf-4ebf-81f1-5c0839ec82d5,FCM,423651,E. Chilufya,2,attacking_third,right_channel,spatial_occupation,4407,0.090139,0.005285,35.6735,23.2441,high
8cfdb681-32cf-4ebf-81f1-5c0839ec82d5,FCM,609108,O. Diao,2,attacking_third,right_channel,spatial_occupation,1658,0.011446,0.001988,44.511,21.3183,high
8cfdb681-32cf-4ebf-81f1-5c0839ec82d5,FCM,228044,M. Bech,2,attacking_third,right_channel,spatial_occupation,1140,0.00787,0.001367,45.9237,21.9525,high
8cfdb681-32cf-4ebf-81f1-5c0839ec82d5,FCM,120721,K. Mbabu,2,attacking_third,right_channel,spatial_occupation,681,0.004701,0.000817,47.6521,23.1467,high
8cfdb681-32cf-4ebf-81f1-5c0839ec82d5,FCM,423651,E. Chilufya,2,middle_third,right_channel,spatial_occupation,2789,0.057045,0.003345,2.8318,19.9965,high
8cfdb681-32cf-4ebf-81f1-5c0839ec82d5,FCM,533646,D. Osorio,2,defensive_third,left_channel,spatial_occupation,3715,0.027044,0.004455,-30.1933,-25.6148,high
8cfdb681-32cf-4ebf-81f1-5c0839ec82d5,FCM,551144,Franculino Dju,2,defensive_third,left_channel,spatial_occupation,1289,0.009985,0.001546,-22.3847,-26.1095,high
8cfdb681-32cf-4ebf-81f1-5c0839ec82d5,FCM,568423,V. Byskov,2,defensive_third,central_channel,spatial_occupation,4514,0.092555,0.005413,-31.9574,1.2903,high
8cfdb681-32cf-4ebf-81f1-5c0839ec82d5,FCK,590186,V. Froholdt,2,middle_third,left_channel,spatial_occupation,6056,0.174369,0.007263,-0.1153,-25.2943,high
8cfdb681-32cf-4ebf-81f1-5c0839ec82d5,FCK,590186,V. Froholdt,2,attacking_third,central_channel,spatial_occupation,5589,0.160923,0.006703,31.6521,-5.0851,high
8cfdb681-32cf-4ebf-81f1-5c0839ec82d5,FCK,96787,M. Elyounoussi,2,attacking_third,left_channel,spatial_occupation,1241,0.009481,0.001488,30.7305,-20.1254,high
8cfdb681-32cf-4ebf-81f1-5c0839ec82d5,FCK,114517,A. Cornelius,2,middle_third,left_channel,spatial_occupation,2166,0.063018,0.002598,7.8196,-18.7379,high
8cfdb681-32cf-4ebf-81f1-5c0839ec82d5,FCK,114517,A. Cornelius,2,attacking_third,left_channel,spatial_occupation,686,0.019959,0.000823,29.0316,-15.8851,high
8cfdb681-32cf-4ebf-81f1-5c0839ec82d5,FCK,166965,L. Lerager,2,attacking_third,left_channel,spatial_occupation,448,0.003093,0.000537,31.8173,-20.0552,high
8cfdb681-32cf-4ebf-81f1-5c0839ec82d5,FCM,423651,E. Chilufya,2,defensive_third,left_channel,spatial_occupation,66,0.00135,0.000079,-20.3233,-17.7718,high
8cfdb681-32cf-4ebf-81f1-5c0839ec82d5,FCK,512627,G. Gocholeishvili,2,attacking_third,central_channel,spatial_occupation,58,0.00046,0.00007,19.5909,5.454,high
8cfdb681-32cf-4ebf-81f1-5c0839ec82d5,FCK,114517,A. Cornelius,2,attacking_third,central_channel,spatial_occupation,12746,0.370836,0.015286,34.228,-0.3481,high
8cfdb681-32cf-4ebf-81f1-5c0839ec82d5,FCK,590186,V. Froholdt,2,middle_third,central_channel,spatial_occupation,5923,0.170539,0.007103,-1.388,2.9307,high
8cfdb681-32cf-4ebf-81f1-5c0839ec82d5,FCK,114517,A. Cornelius,2,middle_third,central_channel,spatial_occupation,11989,0.348811,0.014378,2.9675,2.8077,high
8cfdb681-32cf-4ebf-81f1-5c0839ec82d5,FCK,590186,V. Froholdt,2,middle_third,right_channel,spatial_occupation,5486,0.157957,0.006579,-0.8353,20.7243,high
8cfdb681-32cf-4ebf-81f1-5c0839ec82d5,FCK,590186,V. Froholdt,2,attacking_third,right_channel,spatial_occupation,946,0.027238,0.001135,33.0541,18.2314,high
8cfdb681-32cf-4ebf-81f1-5c0839ec82d5,FCK,114517,A. Cornelius,2,middle_third,right_channel,spatial_occupation,3227,0.093887,0.00387,1.3392,21.5986,high
8cfdb681-32cf-4ebf-81f1-5c0839ec82d5,FCK,114517,A. Cornelius,2,attacking_third,right_channel,spatial_occupation,546,0.015885,0.000655,35.1395,16.8433,high
8cfdb681-32cf-4ebf-81f1-5c0839ec82d5,FCM,568423,V. Byskov,2,defensive_third,right_channel,spatial_occupation,4292,0.088003,0.005147,-30.2704,22.6749,high
8cfdb681-32cf-4ebf-81f1-5c0839ec82d5,FCM,551144,Franculino Dju,2,defensive_third,central_channel,spatial_occupation,238,0.001844,0.000285,-23.9644,6.1019,high
8cfdb681-32cf-4ebf-81f1-5c0839ec82d5,FCM,551144,Franculino Dju,2,defensive_third,right_channel,spatial_occupation,149,0.001154,0.000179,-24.0774,15.6201,high
8cfdb681-32cf-4ebf-81f1-5c0839ec82d5,FCK,590186,V. Froholdt,2,defensive_third,right_channel,spatial_occupation,658,0.018946,0.000789,-33.2829,20.6729,high
8cfdb681-32cf-4ebf-81f1-5c0839ec82d5,FCM,609108,O. Diao,2,middle_third,right_channel,spatial_occupation,995,0.006869,0.001193,-5.781,15.9974,high
8cfdb681-32cf-4ebf-81f1-5c0839ec82d5,FCK,590186,V. Froholdt,2,defensive_third,central_channel,spatial_occupation,5551,0.159828,0.006657,-32.2985,1.2455,high
8cfdb681-32cf-4ebf-81f1-5c0839ec82d5,FCK,114517,A. Cornelius,2,defensive_third,central_channel,spatial_occupation,2992,0.08705,0.003588,-37.005,-1.8884,high
8cfdb681-32cf-4ebf-81f1-5c0839ec82d5,FCM,430901,E. Olafsson,2,defensive_third,right_channel,spatial_occupation,205,0.001415,0.000246,-34.3032,14.7941,high
8cfdb681-32cf-4ebf-81f1-5c0839ec82d5,FCK,512627,G. Gocholeishvili,2,defensive_third,left_channel,spatial_occupation,265,0.002104,0.000318,-38.8957,-14.9921,high
8cfdb681-32cf-4ebf-81f1-5c0839ec82d5,FCK,114517,A. Cornelius,2,defensive_third,left_channel,spatial_occupation,19,0.000553,0.000023,-20.9037,-13.8437,high
8cfdb681-32cf-4ebf-81f1-5c0839ec82d5,FCK,512627,G. Gocholeishvili,2,middle_third,left_channel,spatial_occupation,223,0.00177,0.000267,-2.1818,-28.6692,high
8cfdb681-32cf-4ebf-81f1-5c0839ec82d5,FCK,111756,V. Claesson,2,middle_third,left_channel,spatial_occupation,1418,0.074588,0.001701,3.2888,-23.096,high
8cfdb681-32cf-4ebf-81f1-5c0839ec82d5,FCK,111756,V. Claesson,2,middle_third,central_channel,spatial_occupation,4882,0.256799,0.005855,2.3918,0.2375,high
8cfdb681-32cf-4ebf-81f1-5c0839ec82d5,FCK,535944,R. Huescas,2,middle_third,left_channel,spatial_occupation,136,0.007199,0.000163,-1.2924,-26.6757,high
8cfdb681-32cf-4ebf-81f1-5c0839ec82d5,FCK,535944,R. Huescas,2,middle_third,central_channel,spatial_occupation,3423,0.181197,0.004105,-1.6165,3.522,high
8cfdb681-32cf-4ebf-81f1-5c0839ec82d5,FCK,111756,V. Claesson,2,attacking_third,central_channel,spatial_occupation,6678,0.35127,0.008009,35.1684,2.0886,high
8cfdb681-32cf-4ebf-81f1-5c0839ec82d5,FCK,111756,V. Claesson,2,attacking_third,left_channel,spatial_occupation,717,0.037715,0.00086,30.9538,-20.89,high
8cfdb681-32cf-4ebf-81f1-5c0839ec82d5,FCK,590186,V. Froholdt,2,attacking_third,left_channel,spatial_occupation,2989,0.086061,0.003585,32.0431,-22.9571,high
8cfdb681-32cf-4ebf-81f1-5c0839ec82d5,FCK,535944,R. Huescas,2,attacking_third,central_channel,spatial_occupation,2086,0.110423,0.002502,32.0343,9.2903,high
8cfdb681-32cf-4ebf-81f1-5c0839ec82d5,FCK,535944,R. Huescas,2,attacking_third,right_channel,spatial_occupation,5103,0.270129,0.00612,34.8738,22.8968,high
8cfdb681-32cf-4ebf-81f1-5c0839ec82d5,FCK,535944,R. Huescas,2,middle_third,right_channel,spatial_occupation,4697,0.248637,0.005633,-1.3852,22.2767,high
8cfdb681-32cf-4ebf-81f1-5c0839ec82d5,FCK,111756,V. Claesson,2,defensive_third,central_channel,spatial_occupation,541,0.028457,0.000649,-21.2018,0.2642,high
8cfdb681-32cf-4ebf-81f1-5c0839ec82d5,FCK,535944,R. Huescas,2,defensive_third,right_channel,spatial_occupation,2778,0.147054,0.003332,-26.0965,25.1582,high
8cfdb681-32cf-4ebf-81f1-5c0839ec82d5,FCK,590186,V. Froholdt,2,defensive_third,left_channel,spatial_occupation,1533,0.044139,0.001838,-27.4547,-26.3553,high
8cfdb681-32cf-4ebf-81f1-5c0839ec82d5,FCM,423651,E. Chilufya,2,defensive_third,central_channel,spatial_occupation,4012,0.08206,0.004811,-30.3574,6.46,high
8cfdb681-32cf-4ebf-81f1-5c0839ec82d5,FCK,111756,V. Claesson,2,attacking_third,right_channel,spatial_occupation,1621,0.085266,0.001944,38.4621,21.2014,high
8cfdb681-32cf-4ebf-81f1-5c0839ec82d5,FCK,193228,K. Diks,2,middle_third,right_channel,spatial_occupation,221,0.001526,0.000265,5.5993,14.409,high
8cfdb681-32cf-4ebf-81f1-5c0839ec82d5,FCM,423651,E. Chilufya,2,defensive_third,right_channel,spatial_occupation,380,0.007772,0.000456,-28.5184,14.2991,high
8cfdb681-32cf-4ebf-81f1-5c0839ec82d5,FCM,553784,D. Castillo,2,middle_third,left_channel,spatial_occupation,719,0.04559,0.000862,1.6146,-19.4718,high
8cfdb681-32cf-4ebf-81f1-5c0839ec82d5,FCM,553784,D. Castillo,2,middle_third,central_channel,spatial_occupation,6462,0.409739,0.00775,-1.9777,-0.9299,high
8cfdb681-32cf-4ebf-81f1-5c0839ec82d5,FCM,553784,D. Castillo,2,defensive_third,central_channel,spatial_occupation,5512,0.349502,0.00661,-33.0235,2.3482,high
8cfdb681-32cf-4ebf-81f1-5c0839ec82d5,FCK,592864,O. Hojer,2,middle_third,left_channel,spatial_occupation,3988,0.285448,0.004783,3.4843,-21.6486,high
8cfdb681-32cf-4ebf-81f1-5c0839ec82d5,FCK,535944,R. Huescas,2,defensive_third,central_channel,spatial_occupation,668,0.035361,0.000801,-32.9175,8.3374,high
8cfdb681-32cf-4ebf-81f1-5c0839ec82d5,FCK,111756,V. Claesson,2,middle_third,right_channel,spatial_occupation,2591,0.13629,0.003107,-6.4262,19.6939,high
8cfdb681-32cf-4ebf-81f1-5c0839ec82d5,FCM,553784,D. Castillo,2,middle_third,right_channel,spatial_occupation,308,0.01953,0.000369,10.5066,20.6721,high
8cfdb681-32cf-4ebf-81f1-5c0839ec82d5,FCK,592864,O. Hojer,2,middle_third,central_channel,spatial_occupation,3265,0.233698,0.003916,-1.0563,-5.3955,high
8cfdb681-32cf-4ebf-81f1-5c0839ec82d5,FCK,592864,O. Hojer,2,defensive_third,central_channel,spatial_occupation,811,0.058049,0.000973,-23.3007,2.5907,high
8cfdb681-32cf-4ebf-81f1-5c0839ec82d5,FCK,592864,O. Hojer,2,defensive_third,left_channel,spatial_occupation,619,0.044306,0.000742,-27.1308,-26.047,high
8cfdb681-32cf-4ebf-81f1-5c0839ec82d5,FCM,553784,D. Castillo,2,attacking_third,central_channel,spatial_occupation,894,0.056686,0.001072,22.4897,0.7841,high
8cfdb681-32cf-4ebf-81f1-5c0839ec82d5,FCM,553784,D. Castillo,2,attacking_third,left_channel,spatial_occupation,833,0.052818,0.000999,29.5648,-23.7002,high
8cfdb681-32cf-4ebf-81f1-5c0839ec82d5,FCM,553784,D. Castillo,2,defensive_third,left_channel,spatial_occupation,643,0.040771,0.000771,-30.2083,-22.1399,high
8cfdb681-32cf-4ebf-81f1-5c0839ec82d5,FCK,592864,O. Hojer,2,attacking_third,left_channel,spatial_occupation,1143,0.081812,0.001371,28.8419,-19.5096,high
8cfdb681-32cf-4ebf-81f1-5c0839ec82d5,FCK,592864,O. Hojer,2,attacking_third,central_channel,spatial_occupation,4145,0.296686,0.004971,30.2847,0.1807,high
8cfdb681-32cf-4ebf-81f1-5c0839ec82d5,FCM,553784,D. Castillo,2,defensive_third,right_channel,spatial_occupation,293,0.018578,0.000351,-34.222,19.7143,high
8cfdb681-32cf-4ebf-81f1-5c0839ec82d5,FCK,475413,Gabriel Pereira,2,attacking_third,central_channel,spatial_occupation,1421,0.009809,0.001704,27.5414,-3.2852,high
8cfdb681-32cf-4ebf-81f1-5c0839ec82d5,FCM,492474,Lee Han-Beom,2,middle_third,left_channel,spatial_occupation,1267,0.169136,0.001519,-3.2665,-19.7914,high
8cfdb681-32cf-4ebf-81f1-5c0839ec82d5,FCM,492474,Lee Han-Beom,2,middle_third,central_channel,spatial_occupation,2534,0.338273,0.003039,-4.0408,-5.0606,high
8cfdb681-32cf-4ebf-81f1-5c0839ec82d5,FCM,492474,Lee Han-Beom,2,defensive_third,central_channel,spatial_occupation,3383,0.451609,0.004057,-37.0872,-0.2629,high
8cfdb681-32cf-4ebf-81f1-5c0839ec82d5,FCM,492474,Lee Han-Beom,2,defensive_third,left_channel,spatial_occupation,307,0.040983,0.000368,-36.7801,-18.2864,high
8cfdb681-32cf-4ebf-81f1-5c0839ec82d5,FCK,111756,V. Claesson,2,defensive_third,right_channel,spatial_occupation,563,0.029614,0.000675,-23.854,24.6827,high
8cfdb681-32cf-4ebf-81f1-5c0839ec82d5,FCM,553784,D. Castillo,2,attacking_third,right_channel,spatial_occupation,107,0.006785,0.000128,24.8294,16.4238,high
8cfdb681-32cf-4ebf-81f1-5c0839ec82d5,FCK,232398,N. Trott,2,middle_third,central_channel,spatial_occupation,1474,0.010175,0.001768,5.5782,-1.2765,high
8cfdb681-32cf-4ebf-81f1-5c0839ec82d5,FCM,568423,V. Byskov,2,defensive_third,left_channel,spatial_occupation,139,0.00285,0.000167,-29.7129,-16.9463,high