match_id,poss_id,team_name,opponent_team_name,period,minute_bin_5,metric_unit,end_x_oriented,interpretation_label,insight_text,dashboard_section,recommended_chart_type,priority_level,actions,attack_type,box_entries,dominant_phase,duration_seconds,end_match_second,final_third_entries,passes,progressive_actions,shots,start_match_second,start_minute,start_type,start_x_oriented,threat_value,vertical_gain_m,xg
8cfdb681-32cf-4ebf-81f1-5c0839ec82d5,525e7bbe-6911-548b-b3d3-527a8a09d771,FCK,FCM,1,0,count,52.63,chance-ending possession,"FCK possession lasted 48.4s, gained 314.2m and produced 1 shots.",Territory & Control,sequence table and scatter,medium,53,chance-ending possession,2,maintenance,48.44,48.48,5,13,4,1,0.04,1,,1.22,0.468,314.18,0.078
8cfdb681-32cf-4ebf-81f1-5c0839ec82d5,1b7024ec-8248-5e99-a00e-45cc50ffcc90,FCM,FCK,1,0,count,-18.4,direct transition,"FCM possession lasted 6.3s, gained 75.9m and produced 0 shots.",Territory & Control,sequence table and scatter,medium,19,direct transition,3,maintenance,6.28,73,1,3,1,0,66.72,2,,35.77,0.17,75.92,0
8cfdb681-32cf-4ebf-81f1-5c0839ec82d5,5405262c-f861-5bbb-970b-53ff94f05254,FCK,FCM,1,0,count,9.98,elaborate possession,"FCK possession lasted 50.6s, gained 143.6m and produced 0 shots.",Territory & Control,sequence table and scatter,medium,47,elaborate possession,0,regain,50.56,124.68,2,13,0,0,74.12,2,,26.85,0.16,143.61,0
8cfdb681-32cf-4ebf-81f1-5c0839ec82d5,75aa8d3a-649d-556e-8569-a9a0db9a66a8,FCM,FCK,1,0,count,9.23,direct transition,"FCM possession lasted 6.8s, gained 120.8m and produced 0 shots.",Territory & Control,sequence table and scatter,medium,12,direct transition,2,maintenance,6.8,132.6,3,3,2,0,125.8,3,,1.09,0.27,120.8,0
8cfdb681-32cf-4ebf-81f1-5c0839ec82d5,e290a7e4-7344-5428-b651-29b4dfd66453,FCK,FCM,1,0,count,-6.23,maintenance possession,"FCK possession lasted 2.2s, gained 8.4m and produced 0 shots.",Territory & Control,sequence table and scatter,medium,4,maintenance possession,0,maintenance,2.24,136.04,0,0,0,0,133.8,3,,-1.89,0,8.36,0
8cfdb681-32cf-4ebf-81f1-5c0839ec82d5,1f9a6706-2a56-50bb-a2c2-ed0f1398b43a,FCK,FCM,1,0,count,-6.12,maintenance possession,"FCK possession lasted 1.1s, gained 11.3m and produced 0 shots.",Territory & Control,sequence table and scatter,medium,6,maintenance possession,0,progression,1.12,162.12,0,2,0,0,161,3,,-12.89,0,11.31,0
8cfdb681-32cf-4ebf-81f1-5c0839ec82d5,952e2967-a21a-57d0-850c-9d35c1181f4a,FCK,FCM,1,0,count,28.72,elaborate possession,"FCK possession lasted 37.4s, gained 154.1m and produced 0 shots.",Territory & Control,sequence table and scatter,medium,37,elaborate possession,0,buildup,37.36,209.92,1,10,1,0,172.56,3,,-5.02,0.11,154.13,0
8cfdb681-32cf-4ebf-81f1-5c0839ec82d5,d98b658e-af53-5e07-853f-011e01858a25,FCK,FCM,1,0,count,9.12,maintenance possession,"FCK possession lasted 0.3s, gained 2.0m and produced 0 shots.",Territory & Control,sequence table and scatter,medium,2,maintenance possession,0,,0.28,212.88,0,1,0,0,212.6,4,,10.65,0,2.02,0
8cfdb681-32cf-4ebf-81f1-5c0839ec82d5,86a33e66-b0e5-5a9f-a24a-5a89254b61a3,FCM,FCK,1,0,count,-25.46,elaborate possession,"FCM possession lasted 29.6s, gained 87.4m and produced 0 shots.",Territory & Control,sequence table and scatter,medium,24,elaborate possession,0,counter_attack,29.56,241.44,2,6,0,0,211.88,4,,26.18,0.1,87.43,0
8cfdb681-32cf-4ebf-81f1-5c0839ec82d5,7b9abedb-d020-514e-b73c-2c2e8b0d12f8,FCM,FCK,1,0,count,-23.11,elaborate possession,"FCM possession lasted 19.0s, gained 76.8m and produced 0 shots.",Territory & Control,sequence table and scatter,medium,18,elaborate possession,0,maintenance,19,267.16,1,6,2,0,248.16,5,,13.17,0.13,76.83,0
8cfdb681-32cf-4ebf-81f1-5c0839ec82d5,60b50b92-9e6e-56b1-a7c2-c08bb85a69e2,FCK,FCM,1,0,count,-10.25,maintenance possession,"FCK possession lasted 0.7s, gained 10.4m and produced 0 shots.",Territory & Control,sequence table and scatter,medium,3,maintenance possession,0,,0.72,270.08,0,1,0,0,269.36,5,,-19.03,0.02,10.37,0
8cfdb681-32cf-4ebf-81f1-5c0839ec82d5,a073dcb1-9370-54c4-95d5-f7a6249cc0ca,FCK,FCM,1,0,count,52.1,direct transition,"FCK possession lasted 8.3s, gained 211.3m and produced 1 shots.",Territory & Control,sequence table and scatter,medium,18,direct transition,6,counter_attack,8.28,280.32,3,1,1,1,272.04,5,,-10.64,0.8012,211.3,0.1512
8cfdb681-32cf-4ebf-81f1-5c0839ec82d5,9e0a7a77-83e1-5377-9bc5-7b142b2ca5c2,FCM,FCK,1,0,count,3.02,direct transition,"FCM possession lasted 8.7s, gained 71.5m and produced 0 shots.",Territory & Control,sequence table and scatter,medium,15,direct transition,1,maintenance,8.72,304.36,0,3,0,0,295.64,5,,-52.74,0.02,71.53,0
8cfdb681-32cf-4ebf-81f1-5c0839ec82d5,a9ebf6f7-fcce-5f18-93a0-c0aee87a2a41,FCK,FCM,1,5,count,40.16,chance-ending possession,"FCK possession lasted 29.8s, gained 286.0m and produced 0 shots.",Territory & Control,sequence table and scatter,medium,43,chance-ending possession,1,maintenance,29.84,334.12,4,8,3,0,304.28,6,,-4.45,0.26,286.04,0
8cfdb681-32cf-4ebf-81f1-5c0839ec82d5,95adcc31-d1fb-5109-a2e9-0dcb1aa3a20a,FCM,FCK,1,5,count,-20.95,direct attack,"FCM possession lasted 6.8s, gained 48.8m and produced 0 shots.",Territory & Control,sequence table and scatter,medium,16,direct attack,0,counter_attack,6.84,343.08,1,3,0,0,336.24,6,,-51.16,0.05,48.82,0
8cfdb681-32cf-4ebf-81f1-5c0839ec82d5,dd4b6573-f999-56a5-b76a-16eed8a3583c,FCK,FCM,1,5,count,-5.4,direct attack,"FCK possession lasted 4.0s, gained 34.0m and produced 0 shots.",Territory & Control,sequence table and scatter,medium,9,direct attack,0,maintenance,4.04,349.56,0,2,1,0,345.52,6,,-20.71,0.02,33.96,0
8cfdb681-32cf-4ebf-81f1-5c0839ec82d5,003a813f-20da-539c-b183-c3dcac4b2908,FCM,FCK,1,5,count,3.99,maintenance possession,"FCM possession lasted 4.3s, gained 0.0m and produced 0 shots.",Territory & Control,sequence table and scatter,medium,4,maintenance possession,0,,4.32,356.2,0,2,0,0,351.88,6,,2.02,0,0,0
8cfdb681-32cf-4ebf-81f1-5c0839ec82d5,5aaf7cb4-6c8d-5315-945b-c00efc2ccd97,FCM,FCK,1,5,count,-6.59,elaborate possession,"FCM possession lasted 15.8s, gained 42.4m and produced 0 shots.",Territory & Control,sequence table and scatter,medium,23,elaborate possession,0,maintenance,15.8,375.32,2,6,1,0,359.52,6,,-18.07,0.12,42.42,0
8cfdb681-32cf-4ebf-81f1-5c0839ec82d5,13156fbc-7c57-5576-a181-4a5d105e69da,FCK,FCM,1,5,count,29.24,direct attack,"FCK possession lasted 5.8s, gained 63.8m and produced 0 shots.",Territory & Control,sequence table and scatter,medium,12,direct attack,0,counter_attack,5.8,380.8,3,2,0,0,375,7,,-7.46,0.15,63.78,0
8cfdb681-32cf-4ebf-81f1-5c0839ec82d5,6af905b9-f322-510e-9a64-65566f0aaa9b,FCM,FCK,1,5,count,9.1,direct attack,"FCM possession lasted 7.8s, gained 38.4m and produced 0 shots.",Territory & Control,sequence table and scatter,medium,14,direct attack,0,buildup,7.76,412.2,0,2,0,0,404.44,7,,27.68,0,38.37,0
8cfdb681-32cf-4ebf-81f1-5c0839ec82d5,31860cc2-602f-56d0-a0a5-2dabb14407c7,FCM,FCK,1,5,count,-14.44,elaborate possession,"FCM possession lasted 14.2s, gained 32.3m and produced 0 shots.",Territory & Control,sequence table and scatter,medium,13,elaborate possession,0,buildup,14.24,436.64,0,5,0,0,422.4,8,,-14.13,0.02,32.31,0
8cfdb681-32cf-4ebf-81f1-5c0839ec82d5,25ff61e2-da5b-5ba5-8450-0f09c0c1db3d,FCM,FCK,1,5,count,-4.06,direct attack,"FCM possession lasted 1.9s, gained 27.9m and produced 0 shots.",Territory & Control,sequence table and scatter,medium,5,direct attack,0,progression,1.92,467.12,0,2,0,0,465.2,8,,15.78,0.02,27.92,0
8cfdb681-32cf-4ebf-81f1-5c0839ec82d5,c70a182f-e8dd-532a-a353-47cb817f353b,FCK,FCM,1,5,count,6.9,maintenance possession,"FCK possession lasted 4.4s, gained 11.0m and produced 0 shots.",Territory & Control,sequence table and scatter,medium,4,maintenance possession,0,,4.36,473.16,0,1,0,0,468.8,8,,-1.61,0,10.99,0
8cfdb681-32cf-4ebf-81f1-5c0839ec82d5,bb758e2e-e0e2-5d63-ae1d-077909938d29,FCK,FCM,1,5,count,31.55,direct attack,"FCK possession lasted 1.0s, gained 68.0m and produced 0 shots.",Territory & Control,sequence table and scatter,medium,7,direct attack,0,regain,0.96,474.52,2,2,1,0,473.56,8,,4.19,0.1,68.01,0
8cfdb681-32cf-4ebf-81f1-5c0839ec82d5,162ec31e-a063-5c6a-85a6-5cfa65b1efa8,FCM,FCK,1,5,count,4.89,direct transition,"FCM possession lasted 6.6s, gained 107.4m and produced 0 shots.",Territory & Control,sequence table and scatter,medium,9,direct transition,3,maintenance,6.6,481.36,1,2,2,0,474.76,8,,9.22,0.27,107.36,0
8cfdb681-32cf-4ebf-81f1-5c0839ec82d5,c8ab41c3-e02e-59d0-abb4-b5db344592db,FCK,FCM,1,5,count,4.79,direct attack,"FCK possession lasted 1.3s, gained 22.6m and produced 0 shots.",Territory & Control,sequence table and scatter,medium,6,direct attack,0,counter_attack,1.32,484.12,0,1,1,0,482.8,9,,-6.22,0,22.59,0
8cfdb681-32cf-4ebf-81f1-5c0839ec82d5,f4a0ceb3-e7d1-5c60-8b6f-d138990b3427,FCM,FCK,1,5,count,-33.09,elaborate possession,"FCM possession lasted 11.3s, gained 49.7m and produced 0 shots.",Territory & Control,sequence table and scatter,medium,24,elaborate possession,0,counter_attack,11.28,495.68,3,5,0,0,484.4,9,,-5.73,0.17,49.75,0
8cfdb681-32cf-4ebf-81f1-5c0839ec82d5,ee87eb76-a175-5b29-8e0e-2a50b6e50ee3,FCK,FCM,1,5,count,-0.65,direct attack,"FCK possession lasted 7.0s, gained 119.1m and produced 0 shots.",Territory & Control,sequence table and scatter,medium,19,direct attack,0,counter_attack,7.04,502.2,0,3,1,0,495.16,9,,-22.95,0.06,119.09,0
8cfdb681-32cf-4ebf-81f1-5c0839ec82d5,e415f35c-9a75-5125-b7ca-2cef8212e002,FCM,FCK,1,5,count,-21.86,direct attack,"FCM possession lasted 2.2s, gained 37.2m and produced 0 shots.",Territory & Control,sequence table and scatter,medium,8,direct attack,0,regain,2.24,505.32,1,2,0,0,503.08,9,,-4.88,0.05,37.23,0
8cfdb681-32cf-4ebf-81f1-5c0839ec82d5,9b7ea7f5-19c5-5068-8555-2514bbc20586,FCK,FCM,1,5,count,34.62,elaborate possession,"FCK possession lasted 24.4s, gained 189.8m and produced 0 shots.",Territory & Control,sequence table and scatter,medium,28,elaborate possession,0,maintenance,24.4,530.36,3,6,0,0,505.96,9,,-24.36,0.21,189.78,0
8cfdb681-32cf-4ebf-81f1-5c0839ec82d5,71d52327-3b08-58d5-9472-b187bbdf79c8,FCK,FCM,1,5,count,16.49,elaborate possession,"FCK possession lasted 32.7s, gained 99.6m and produced 0 shots.",Territory & Control,sequence table and scatter,medium,22,elaborate possession,0,attacking,32.68,564.04,0,5,1,0,531.36,9,,37.95,0.04,99.62,0
8cfdb681-32cf-4ebf-81f1-5c0839ec82d5,ea465049-4442-520a-a38e-bc6871139e9e,FCM,FCK,1,5,count,21.53,elaborate possession,"FCM possession lasted 29.7s, gained 119.9m and produced 0 shots.",Territory & Control,sequence table and scatter,medium,30,elaborate possession,0,maintenance,29.68,592.36,1,8,1,0,562.68,10,,3.39,0.05,119.85,0
8cfdb681-32cf-4ebf-81f1-5c0839ec82d5,631df6ed-8512-5c34-ac7b-7f34ad9cf21c,FCK,FCM,1,5,count,36.04,elaborate possession,"FCK possession lasted 35.3s, gained 325.3m and produced 0 shots.",Territory & Control,sequence table and scatter,medium,50,elaborate possession,0,maintenance,35.32,627.12,2,14,2,0,591.8,10,,-14.02,0.18,325.31,0
8cfdb681-32cf-4ebf-81f1-5c0839ec82d5,f3b38401-03a2-513c-8adc-8e4228dbb404,FCK,FCM,1,10,count,58.51,chance-ending possession,"FCK possession lasted 0.0s, gained 0.0m and produced 0 shots.",Territory & Control,sequence table and scatter,medium,4,chance-ending possession,1,crossing,0,677.68,0,1,0,0,677.68,12,,53.37,0.1,0,0
8cfdb681-32cf-4ebf-81f1-5c0839ec82d5,4e0b527b-58fa-555f-9b0e-1bf16c474910,FCM,FCK,1,10,count,4.84,direct attack,"FCM possession lasted 0.8s, gained 62.8m and produced 0 shots.",Territory & Control,sequence table and scatter,medium,4,direct attack,0,progression,0.8,701.44,1,1,0,0,700.64,12,,37.33,0.07,62.77,0
8cfdb681-32cf-4ebf-81f1-5c0839ec82d5,f9a0dc78-6091-5927-9973-ae351e9a86a2,FCK,FCM,1,10,count,11.35,maintenance possession,"FCK possession lasted 6.4s, gained 14.2m and produced 0 shots.",Territory & Control,sequence table and scatter,medium,7,maintenance possession,0,,6.4,709.24,0,3,0,0,702.84,12,,9.47,0,14.22,0
8cfdb681-32cf-4ebf-81f1-5c0839ec82d5,6c6964a4-c3a8-5276-b5c6-d301fa8759a9,FCM,FCK,1,10,count,-42.45,elaborate possession,"FCM possession lasted 20.4s, gained 57.9m and produced 0 shots.",Territory & Control,sequence table and scatter,medium,18,elaborate possession,0,buildup,20.36,730.04,1,5,1,0,709.68,12,,13.08,0.07,57.91,0
8cfdb681-32cf-4ebf-81f1-5c0839ec82d5,a433c11e-d66a-5a6d-bc0c-192f97ed4dd2,FCK,FCM,1,10,count,-40.84,elaborate possession,"FCK possession lasted 21.9s, gained 128.4m and produced 0 shots.",Territory & Control,sequence table and scatter,medium,35,elaborate possession,0,maintenance,21.92,751.36,0,8,0,0,729.44,13,,-26.84,0.1,128.42,0
8cfdb681-32cf-4ebf-81f1-5c0839ec82d5,338a9c26-d3f2-588e-9297-3bda5eb231f2,FCM,FCK,1,10,count,-22.47,maintenance possession,"FCM possession lasted 4.2s, gained 9.8m and produced 0 shots.",Territory & Control,sequence table and scatter,medium,4,maintenance possession,0,regain,4.24,757.44,0,1,0,0,753.2,13,,5.45,0,9.85,0
8cfdb681-32cf-4ebf-81f1-5c0839ec82d5,d5e4956b-0b99-5a21-8d46-a90a44b16c2c,FCK,FCM,1,10,count,17.83,elaborate possession,"FCK possession lasted 26.9s, gained 170.7m and produced 0 shots.",Territory & Control,sequence table and scatter,medium,25,elaborate possession,0,maintenance,26.92,785.44,0,6,2,0,758.52,13,,-20.58,0.08,170.66,0
8cfdb681-32cf-4ebf-81f1-5c0839ec82d5,28771c24-fa24-5d87-b9f2-ac80dc289671,FCM,FCK,1,10,count,-21.41,elaborate possession,"FCM possession lasted 16.4s, gained 105.0m and produced 0 shots.",Territory & Control,sequence table and scatter,medium,22,elaborate possession,0,buildup,16.44,823.28,1,7,2,0,806.84,14,,10.53,0.05,104.97,0
8cfdb681-32cf-4ebf-81f1-5c0839ec82d5,05b2d483-ed9d-520f-8ce1-63fc10805994,FCK,FCM,1,10,count,-9.69,maintenance possession,"FCK possession lasted 1.4s, gained 17.2m and produced 0 shots.",Territory & Control,sequence table and scatter,medium,6,maintenance possession,0,counter_attack,1.36,824.88,0,2,0,0,823.52,14,,-19.92,0.02,17.2,0
8cfdb681-32cf-4ebf-81f1-5c0839ec82d5,e815c9f3-1645-5c2c-901c-efd5b6af8e79,FCM,FCK,1,10,count,-20.33,maintenance possession,"FCM possession lasted 0.1s, gained 0.0m and produced 0 shots.",Territory & Control,sequence table and scatter,medium,2,maintenance possession,0,,0.08,827.4,0,1,0,0,827.32,14,,3.79,0,0.04,0
8cfdb681-32cf-4ebf-81f1-5c0839ec82d5,807f8c56-d781-5ade-bd8d-87f27988f053,FCM,FCK,1,10,count,-43.5,direct transition,"FCM possession lasted 3.4s, gained 47.9m and produced 0 shots.",Territory & Control,sequence table and scatter,medium,14,direct transition,2,regain,3.44,834.24,1,2,0,0,830.8,14,,12.8,0.25,47.91,0
8cfdb681-32cf-4ebf-81f1-5c0839ec82d5,59fdf226-95d3-5a51-b542-ce2d99aca8d6,FCK,FCM,1,10,count,-33.41,maintenance possession,"FCK possession lasted 1.4s, gained 18.3m and produced 0 shots.",Territory & Control,sequence table and scatter,medium,7,maintenance possession,0,counter_attack,1.36,837.04,0,1,0,0,835.68,14,,-34.38,0,18.35,0
8cfdb681-32cf-4ebf-81f1-5c0839ec82d5,6676787d-5b08-5946-ab65-d008557ead7e,FCM,FCK,1,10,count,-30.55,maintenance possession,"FCM possession lasted 9.0s, gained 4.5m and produced 0 shots.",Territory & Control,sequence table and scatter,medium,6,maintenance possession,0,regain,9.04,846,0,0,0,0,836.96,14,,-34.3,0,4.48,0
8cfdb681-32cf-4ebf-81f1-5c0839ec82d5,e530ccb2-ec2e-549e-9398-5ce0982e65bd,FCK,FCM,1,10,count,27.39,elaborate possession,"FCK possession lasted 39.2s, gained 207.4m and produced 0 shots.",Territory & Control,sequence table and scatter,medium,23,elaborate possession,0,buildup,39.2,886.72,5,4,2,0,847.52,15,,-18.74,0.29,207.39,0
8cfdb681-32cf-4ebf-81f1-5c0839ec82d5,7292492a-a88f-55be-a68b-df6c8b474ee4,FCM,FCK,1,10,count,-45.46,elaborate possession,"FCM possession lasted 88.4s, gained 58.9m and produced 0 shots.",Territory & Control,sequence table and scatter,medium,20,elaborate possession,0,counter_attack,88.4,976.08,0,1,0,0,887.68,15,,-26.94,0.04,58.85,0
8cfdb681-32cf-4ebf-81f1-5c0839ec82d5,e9604ac0-87db-54df-8a74-f1c58a76b0ce,FCM,FCK,1,10,count,-49.51,chance-ending possession,"FCM possession lasted 85.4s, gained 0.0m and produced 1 shots.",Territory & Control,sequence table and scatter,medium,7,chance-ending possession,0,attacking,85.36,981.52,0,0,0,1,896.16,15,,18.4,0.0346,0,0.0346
8cfdb681-32cf-4ebf-81f1-5c0839ec82d5,8011614e-f7d8-569c-a6d4-8f3fdad46bf3,FCM,FCK,1,15,count,-48.86,chance-ending possession,"FCM possession lasted 0.0s, gained 1.1m and produced 0 shots.",Territory & Control,sequence table and scatter,medium,3,chance-ending possession,1,crossing,0,1003.96,0,1,0,0,1003.96,17,,48.36,0.1,1.11,0
8cfdb681-32cf-4ebf-81f1-5c0839ec82d5,1c70c551-694f-55ed-ad53-04c675f9cbec,FCK,FCM,1,15,count,14.53,elaborate possession,"FCK possession lasted 33.2s, gained 132.3m and produced 0 shots.",Territory & Control,sequence table and scatter,medium,19,elaborate possession,0,maintenance,33.16,1039.16,0,6,2,0,1006,17,,-49.5,0.04,132.33,0
8cfdb681-32cf-4ebf-81f1-5c0839ec82d5,2147778f-6730-5063-a0f3-80d515812a01,FCM,FCK,1,15,count,-26.02,elaborate possession,"FCM possession lasted 16.0s, gained 58.1m and produced 0 shots.",Territory & Control,sequence table and scatter,medium,15,elaborate possession,0,maintenance,16,1060.48,2,5,0,0,1044.48,18,,-49.17,0.1,58.12,0
8cfdb681-32cf-4ebf-81f1-5c0839ec82d5,55b938ea-38fd-57bd-a86c-b17e0000b534,FCM,FCK,1,15,count,26.82,maintenance possession,"FCM possession lasted 33.3s, gained 0.0m and produced 0 shots.",Territory & Control,sequence table and scatter,medium,4,maintenance possession,0,attacking,33.32,1095.6,0,1,0,0,1062.28,18,,-28.01,0,0,0
8cfdb681-32cf-4ebf-81f1-5c0839ec82d5,a4035667-021c-5165-a9ce-70372610ebce,FCK,FCM,1,15,count,-5.98,direct attack,"FCK possession lasted 5.3s, gained 58.7m and produced 0 shots.",Territory & Control,sequence table and scatter,medium,12,direct attack,0,maintenance,5.28,1132.12,0,3,1,0,1126.84,19,,-39.52,0.04,58.74,0
8cfdb681-32cf-4ebf-81f1-5c0839ec82d5,591d6263-925d-574d-9d8a-12f255337050,FCM,FCK,1,15,count,-13.4,direct attack,"FCM possession lasted 5.6s, gained 62.1m and produced 0 shots.",Territory & Control,sequence table and scatter,medium,13,direct attack,0,regain,5.6,1137.44,0,3,2,0,1131.84,19,,-33.07,0.02,62.09,0
8cfdb681-32cf-4ebf-81f1-5c0839ec82d5,922d1891-1e01-549d-bf8b-6195d7068859,FCK,FCM,1,15,count,-6.42,maintenance possession,"FCK possession lasted 4.1s, gained 18.7m and produced 0 shots.",Territory & Control,sequence table and scatter,medium,6,maintenance possession,0,counter_attack,4.08,1143.04,0,1,0,0,1138.96,19,,-12.37,0,18.7,0
8cfdb681-32cf-4ebf-81f1-5c0839ec82d5,c55b880b-26c9-5325-bee6-85c74e6317a5,FCK,FCM,1,15,count,38.2,direct transition,"FCK possession lasted 10.0s, gained 128.8m and produced 0 shots.",Territory & Control,sequence table and scatter,medium,14,direct transition,4,progression,10,1164.96,3,5,2,0,1154.96,20,,-2.23,0.45,128.8,0
8cfdb681-32cf-4ebf-81f1-5c0839ec82d5,528e4307-c191-5058-8de3-3249eaaef95d,FCM,FCK,1,15,count,-43.54,maintenance possession,"FCM possession lasted 2.4s, gained 0.3m and produced 0 shots.",Territory & Control,sequence table and scatter,medium,2,maintenance possession,0,,2.44,1168.2,0,0,0,0,1165.76,20,,-52.82,0,0.31,0
8cfdb681-32cf-4ebf-81f1-5c0839ec82d5,2d17306b-536c-50bc-8393-2bb50bd79fe9,FCK,FCM,1,15,count,39.14,chance-ending possession,"FCK possession lasted 0.0s, gained 23.9m and produced 0 shots.",Territory & Control,sequence table and scatter,medium,4,chance-ending possession,1,attacking,0,1173.72,0,1,0,0,1173.72,20,,34.08,0.1,23.89,0
8cfdb681-32cf-4ebf-81f1-5c0839ec82d5,b4139cce-356a-581d-8289-f34e46ec4c44,FCM,FCK,1,15,count,2.8,elaborate possession,"FCM possession lasted 12.8s, gained 67.2m and produced 0 shots.",Territory & Control,sequence table and scatter,medium,16,elaborate possession,0,maintenance,12.84,1187.8,0,2,0,0,1174.96,20,,41.92,0.02,67.24,0
8cfdb681-32cf-4ebf-81f1-5c0839ec82d5,354a2b71-b680-5b5a-8dc7-c1fa7354d559,FCK,FCM,1,20,count,11.14,maintenance possession,"FCK possession lasted 0.8s, gained 17.4m and produced 0 shots.",Territory & Control,sequence table and scatter,medium,5,maintenance possession,0,progression,0.8,1207.48,0,2,0,0,1206.68,21,,-5.77,0,17.41,0
8cfdb681-32cf-4ebf-81f1-5c0839ec82d5,c3e1440b-c50f-5234-9363-d48284396420,FCM,FCK,1,20,count,5.87,maintenance possession,"FCM possession lasted 2.0s, gained 12.8m and produced 0 shots.",Territory & Control,sequence table and scatter,medium,6,maintenance possession,0,counter_attack,2,1210.6,0,2,0,0,1208.6,21,,-1.28,0,12.85,0
8cfdb681-32cf-4ebf-81f1-5c0839ec82d5,fc09acf6-cac7-570e-9eab-7c7fcb9c9eaa,FCK,FCM,1,20,count,11.08,direct attack,"FCK possession lasted 1.7s, gained 33.5m and produced 0 shots.",Territory & Control,sequence table and scatter,medium,5,direct attack,0,progression,1.68,1250.76,2,1,0,0,1249.08,21,,16.27,0.1,33.5,0
8cfdb681-32cf-4ebf-81f1-5c0839ec82d5,e6141f4e-2a2c-5169-a3c8-a1f7a34e733c,FCM,FCK,1,20,count,-21.8,elaborate possession,"FCM possession lasted 11.7s, gained 52.5m and produced 0 shots.",Territory & Control,sequence table and scatter,medium,20,elaborate possession,0,maintenance,11.72,1272.24,2,5,1,0,1260.52,22,,-29.72,0.1,52.53,0
8cfdb681-32cf-4ebf-81f1-5c0839ec82d5,2ba14800-b342-5821-b1f1-a78da3e8d84b,FCK,FCM,1,20,count,37.73,chance-ending possession,"FCK possession lasted 20.8s, gained 130.1m and produced 0 shots.",Territory & Control,sequence table and scatter,medium,32,chance-ending possession,8,regain,20.84,1293.56,3,5,0,0,1272.72,22,,17.48,0.65,130.14,0
8cfdb681-32cf-4ebf-81f1-5c0839ec82d5,f5b616e9-c7bb-5726-84b5-b82ea3bdddfb,FCM,FCK,1,20,count,-45.49,chance-ending possession,"FCM possession lasted 22.3s, gained 98.9m and produced 0 shots.",Territory & Control,sequence table and scatter,medium,27,chance-ending possession,2,maintenance,22.28,1337.24,2,5,0,0,1314.96,22,,-39.1,0.32,98.88,0
8cfdb681-32cf-4ebf-81f1-5c0839ec82d5,b44a40dd-8cb6-5a7a-8100-eabe683c8337,FCK,FCM,1,20,count,27.99,elaborate possession,"FCK possession lasted 14.7s, gained 226.5m and produced 0 shots.",Territory & Control,sequence table and scatter,medium,26,elaborate possession,0,maintenance,14.72,1353.28,4,4,1,0,1338.56,23,,-26.13,0.24,226.45,0
8cfdb681-32cf-4ebf-81f1-5c0839ec82d5,410c66a7-d263-54fe-86db-93d71e8b924d,FCK,FCM,1,20,count,40.58,chance-ending possession,"FCK possession lasted 2.8s, gained 6.0m and produced 1 shots.",Territory & Control,sequence table and scatter,medium,6,chance-ending possession,2,crossing,2.8,1406.84,0,1,0,1,1404.04,24,,58.16,0.1357,5.99,0.0357
8cfdb681-32cf-4ebf-81f1-5c0839ec82d5,56507cc3-00f3-5170-afe1-ff613d3116ca,FCK,FCM,1,20,count,-27.03,chance-ending possession,"FCK possession lasted 12.4s, gained 0.0m and produced 0 shots.",Territory & Control,sequence table and scatter,medium,29,chance-ending possession,1,,12.36,1420.88,0,0,0,0,1408.52,24,,55.16,0,0,0
8cfdb681-32cf-4ebf-81f1-5c0839ec82d5,b3cc7e11-9afe-5ec8-88b4-4e34aed65ff9,FCK,FCM,1,20,count,-42.52,maintenance possession,"FCK possession lasted 4.1s, gained 10.2m and produced 0 shots.",Territory & Control,sequence table and scatter,medium,5,maintenance possession,0,maintenance,4.12,1425.08,0,2,0,0,1420.96,24,,-40.26,0,10.2,0
8cfdb681-32cf-4ebf-81f1-5c0839ec82d5,45e8be9d-4f6b-515b-b6cf-d1f1b2dfee1f,FCK,FCM,1,20,count,-10.29,elaborate possession,"FCK possession lasted 11.8s, gained 84.9m and produced 0 shots.",Territory & Control,sequence table and scatter,medium,19,elaborate possession,0,maintenance,11.76,1465.4,0,5,1,0,1453.64,25,,-47.12,0.06,84.93,0
8cfdb681-32cf-4ebf-81f1-5c0839ec82d5,5eeb37f0-dd25-51ea-9e09-dcbda2705c39,FCK,FCM,1,20,count,-50.41,maintenance possession,"FCK possession lasted 7.4s, gained 0.0m and produced 0 shots.",Territory & Control,sequence table and scatter,medium,11,maintenance possession,0,interrupt,7.36,1472.92,0,0,0,0,1465.56,25,,-7.68,0,0,0
8cfdb681-32cf-4ebf-81f1-5c0839ec82d5,f66e3548-bf43-5c06-9302-b968a8fb2ae9,FCM,FCK,1,20,count,-39.84,maintenance possession,"FCM possession lasted 0.4s, gained 0.1m and produced 0 shots.",Territory & Control,sequence table and scatter,medium,5,maintenance possession,0,attacking,0.4,1478.92,0,1,0,0,1478.52,25,,32.58,0,0.15,0
8cfdb681-32cf-4ebf-81f1-5c0839ec82d5,d1241f72-8afb-57f8-94bd-661a60650c24,FCM,FCK,1,25,count,-47.52,maintenance possession,"FCM possession lasted 0.0s, gained 0.0m and produced 0 shots.",Territory & Control,sequence table and scatter,medium,3,maintenance possession,0,crossing,0,1504.28,0,1,0,0,1504.28,26,,42.91,0,0,0
8cfdb681-32cf-4ebf-81f1-5c0839ec82d5,2b62b369-f5a3-5813-ba08-0102491b52fc,FCM,FCK,1,25,count,-39.88,maintenance possession,"FCM possession lasted 3.0s, gained 0.0m and produced 0 shots.",Territory & Control,sequence table and scatter,medium,7,maintenance possession,0,attacking,3.04,1513.08,0,2,0,0,1510.04,26,,33.41,0,0,0
8cfdb681-32cf-4ebf-81f1-5c0839ec82d5,79a471d6-ff1b-59da-ba71-c859b5641ca3,FCK,FCM,1,25,count,49.88,chance-ending possession,"FCK possession lasted 13.5s, gained 395.9m and produced 0 shots.",Territory & Control,sequence table and scatter,medium,37,chance-ending possession,6,maintenance,13.52,1550.84,7,4,2,0,1537.32,26,,-36.88,0.89,395.86,0
8cfdb681-32cf-4ebf-81f1-5c0839ec82d5,fcf53d44-b00d-5a35-8177-78ed55d44ee4,FCK,FCM,1,25,count,57.65,chance-ending possession,"FCK possession lasted 0.0s, gained 0.0m and produced 0 shots.",Territory & Control,sequence table and scatter,medium,4,chance-ending possession,2,crossing,0,1595.16,0,1,0,0,1595.16,27,,57.65,0.2,0,0
8cfdb681-32cf-4ebf-81f1-5c0839ec82d5,9e4c946e-6b99-575a-89c6-0f9fa7bd3c00,FCM,FCK,1,25,count,27.05,chance-ending possession,"FCM possession lasted 10.5s, gained 2.4m and produced 0 shots.",Territory & Control,sequence table and scatter,medium,15,chance-ending possession,1,counter_attack,10.52,1611.8,0,1,0,0,1601.28,27,,38.5,0,2.36,0
8cfdb681-32cf-4ebf-81f1-5c0839ec82d5,ed8d466a-733f-5deb-9351-5bb8066ddaf3,FCM,FCK,1,25,count,-9.66,direct attack,"FCM possession lasted 8.9s, gained 25.6m and produced 0 shots.",Territory & Control,sequence table and scatter,medium,9,direct attack,0,buildup,8.92,1637.56,0,3,0,0,1628.64,28,,12.93,0,25.57,0
8cfdb681-32cf-4ebf-81f1-5c0839ec82d5,5a5b0e5d-ce1b-5a56-9f97-28f0fecba679,FCK,FCM,1,25,count,48.66,chance-ending possession,"FCK possession lasted 18.0s, gained 329.4m and produced 0 shots.",Territory & Control,sequence table and scatter,medium,38,chance-ending possession,4,counter_attack,18.04,1655.08,7,7,2,0,1637.04,28,,-4.65,0.67,329.45,0
8cfdb681-32cf-4ebf-81f1-5c0839ec82d5,332e46a2-ecb6-59db-8503-28ba5f28edcf,FCM,FCK,1,25,count,-38.36,chance-ending possession,"FCM possession lasted 30.1s, gained 147.5m and produced 0 shots.",Territory & Control,sequence table and scatter,medium,36,chance-ending possession,4,maintenance,30.08,1685.56,2,8,0,0,1655.48,28,,43,0.14,147.47,0
8cfdb681-32cf-4ebf-81f1-5c0839ec82d5,f701661f-26ff-550f-b799-ffb73d999cbd,FCK,FCM,1,25,count,10.98,chance-ending possession,"FCK possession lasted 16.9s, gained 364.6m and produced 0 shots.",Territory & Control,sequence table and scatter,medium,34,chance-ending possession,7,counter_attack,16.88,1701.2,5,4,2,0,1684.32,29,,-30.03,0.83,364.6,0
8cfdb681-32cf-4ebf-81f1-5c0839ec82d5,8d44a310-0ffa-50a6-ae97-405c764fbf89,FCK,FCM,1,25,count,38.6,elaborate possession,"FCK possession lasted 17.6s, gained 76.4m and produced 0 shots.",Territory & Control,sequence table and scatter,medium,15,elaborate possession,0,buildup,17.64,1723.6,2,6,1,0,1705.96,29,,10.28,0.1,76.37,0
8cfdb681-32cf-4ebf-81f1-5c0839ec82d5,d36bcc6d-faff-5b40-bfaa-ee804e5f5149,FCM,FCK,1,25,count,-51.83,chance-ending possession,"FCM possession lasted 16.4s, gained 111.7m and produced 1 shots.",Territory & Control,sequence table and scatter,medium,32,chance-ending possession,0,counter_attack,16.4,1739.48,2,3,0,1,1723.08,29,,37.35,0.1749,111.7,0.0549
8cfdb681-32cf-4ebf-81f1-5c0839ec82d5,9c4de84b-4d17-54f0-ad1e-282fd7b1feb3,FCK,FCM,1,25,count,40.61,chance-ending possession,"FCK possession lasted 87.3s, gained 370.2m and produced 1 shots.",Territory & Control,sequence table and scatter,medium,41,chance-ending possession,5,maintenance,87.28,1853.2,5,6,2,1,1765.92,30,,-47.26,0.7424,370.23,0.0524
8cfdb681-32cf-4ebf-81f1-5c0839ec82d5,4331c6f3-ed3c-585c-8c8b-b1c601721cce,FCK,FCM,1,30,count,52.61,chance-ending possession,"FCK possession lasted 0.0s, gained 22.5m and produced 2 shots.",Territory & Control,sequence table and scatter,medium,4,chance-ending possession,4,attacking,0,1854.8,0,0,0,2,1854.8,31,,45.93,1.56,22.48,1.56
8cfdb681-32cf-4ebf-81f1-5c0839ec82d5,088fd0e2-47ff-5e5a-8a84-8ca1de97c3e5,FCM,FCK,1,30,count,23.77,direct attack,"FCM possession lasted 5.4s, gained 42.4m and produced 0 shots.",Territory & Control,sequence table and scatter,medium,8,direct attack,0,buildup,5.4,1917.6,1,2,1,0,1912.2,32,,0.1,0.05,42.43,0
8cfdb681-32cf-4ebf-81f1-5c0839ec82d5,9c49eded-38fb-5328-97e7-51592e254252,FCM,FCK,1,30,count,-17.11,maintenance possession,"FCM possession lasted 7.6s, gained 0.0m and produced 0 shots.",Territory & Control,sequence table and scatter,medium,8,maintenance possession,0,,7.6,1930.48,0,2,0,0,1922.88,33,,-12.72,0,0,0
8cfdb681-32cf-4ebf-81f1-5c0839ec82d5,1a673770-c49d-5ac9-b2bf-c1c8c8576c2e,FCM,FCK,1,30,count,-52.17,chance-ending possession,"FCM possession lasted 4.0s, gained 9.6m and produced 1 shots.",Territory & Control,sequence table and scatter,medium,9,chance-ending possession,0,,4,1933,1,0,0,1,1929,33,,-13.89,0.0773,9.59,0.0273
8cfdb681-32cf-4ebf-81f1-5c0839ec82d5,2e9be74f-1cc2-5696-ad78-79e8379214a8,FCK,FCM,1,30,count,1.61,direct attack,"FCK possession lasted 9.5s, gained 127.7m and produced 0 shots.",Territory & Control,sequence table and scatter,medium,14,direct attack,0,maintenance,9.48,1959.8,0,3,1,0,1950.32,33,,-23.6,0.06,127.65,0
8cfdb681-32cf-4ebf-81f1-5c0839ec82d5,0cbf44f3-e37f-5bd2-9786-7f50a41eb945,FCM,FCK,1,30,count,44.33,chance-ending possession,"FCM possession lasted 12.2s, gained 87.8m and produced 0 shots.",Territory & Control,sequence table and scatter,medium,25,chance-ending possession,3,counter_attack,12.16,1969.84,1,4,0,0,1957.68,33,,3.98,0.25,87.82,0
8cfdb681-32cf-4ebf-81f1-5c0839ec82d5,13a17e3a-423d-5ee3-ae46-465032da1b90,FCM,FCK,1,30,count,52.63,chance-ending possession,"FCM possession lasted 25.8s, gained 4.2m and produced 0 shots.",Territory & Control,sequence table and scatter,medium,5,chance-ending possession,2,crossing,25.84,1996.84,0,1,0,0,1971,33,,52.63,0,4.25,0
8cfdb681-32cf-4ebf-81f1-5c0839ec82d5,e029daf8-ab83-5511-9f09-7c4ae18357b1,FCK,FCM,1,30,count,-35.31,maintenance possession,"FCK possession lasted 5.2s, gained 0.2m and produced 0 shots.",Territory & Control,sequence table and scatter,medium,3,maintenance possession,0,,5.2,2003.28,0,0,0,0,1998.08,34,,-49.5,0,0.2,0
8cfdb681-32cf-4ebf-81f1-5c0839ec82d5,d0bd479a-0282-525d-adef-2e017901906b,FCM,FCK,1,30,count,52.18,direct transition,"FCM possession lasted 5.7s, gained 71.3m and produced 0 shots.",Territory & Control,sequence table and scatter,medium,7,direct transition,2,attacking,5.72,2008.64,1,1,1,0,2002.92,34,,-31.54,0.27,71.35,0
8cfdb681-32cf-4ebf-81f1-5c0839ec82d5,b9ec05f5-6efb-5bbe-9b34-75f0d0113156,FCK,FCM,1,30,count,-4.13,direct attack,"FCK possession lasted 3.0s, gained 35.3m and produced 0 shots.",Territory & Control,sequence table and scatter,medium,7,direct attack,0,maintenance,3,2040.08,0,1,0,0,2037.08,34,,-47.09,0.02,35.26,0
8cfdb681-32cf-4ebf-81f1-5c0839ec82d5,eef28ff4-34f9-544c-867d-84fef0e5c549,FCM,FCK,1,30,count,-51.65,chance-ending possession,"FCM possession lasted 17.7s, gained 59.2m and produced 1 shots.",Territory & Control,sequence table and scatter,medium,25,chance-ending possession,4,regain,17.68,2058.44,2,5,0,1,2040.76,35,,-18.12,0.3781,59.21,0.0781
8cfdb681-32cf-4ebf-81f1-5c0839ec82d5,123638bd-03d7-51c7-b639-339d38af9c4d,FCK,FCM,1,30,count,25.57,elaborate possession,"FCK possession lasted 25.7s, gained 283.1m and produced 0 shots.",Territory & Control,sequence table and scatter,medium,54,elaborate possession,0,progression,25.68,2099.16,5,11,3,0,2073.48,35,,-46.79,0.29,283.08,0
8cfdb681-32cf-4ebf-81f1-5c0839ec82d5,2520be21-8d63-58fa-8d99-19c06b578df0,FCM,FCK,1,30,count,-13.68,elaborate possession,"FCM possession lasted 11.0s, gained 35.8m and produced 0 shots.",Territory & Control,sequence table and scatter,medium,15,elaborate possession,0,maintenance,11,2110.56,0,2,0,0,2099.56,35,,4.82,0,35.8,0
8cfdb681-32cf-4ebf-81f1-5c0839ec82d5,d5a5b5fb-b68e-5637-92d0-a201af24a5cd,FCK,FCM,1,35,count,11.5,direct attack,"FCK possession lasted 0.0s, gained 33.0m and produced 0 shots.",Territory & Control,sequence table and scatter,medium,3,direct attack,0,progression,0,2132.2,0,1,0,0,2132.2,36,,-5.36,0,33,0
8cfdb681-32cf-4ebf-81f1-5c0839ec82d5,6534a237-6791-5ead-8944-2ec20430b94a,FCM,FCK,1,35,count,-51.3,chance-ending possession,"FCM possession lasted 84.8s, gained 279.4m and produced 1 shots.",Territory & Control,sequence table and scatter,medium,75,chance-ending possession,2,maintenance,84.8,2218.72,9,18,3,1,2133.92,36,,-16.51,0.8774,279.38,0.1874
8cfdb681-32cf-4ebf-81f1-5c0839ec82d5,a67ad26d-9d47-58cd-a0dd-895e6a9c424e,FCM,FCK,1,35,count,53.11,maintenance possession,"FCM possession lasted 0.0s, gained 2.0m and produced 0 shots.",Territory & Control,sequence table and scatter,medium,4,maintenance possession,0,attacking,0,2292.16,0,1,0,0,2292.16,39,,53.11,0,2.04,0
8cfdb681-32cf-4ebf-81f1-5c0839ec82d5,adf10eb6-0e9b-5342-8f16-5f900fc5a09a,FCM,FCK,1,35,count,52.83,chance-ending possession,"FCM possession lasted 0.0s, gained 2.3m and produced 0 shots.",Territory & Control,sequence table and scatter,medium,4,chance-ending possession,2,crossing,0,2319.36,0,1,0,0,2319.36,39,,-52.81,0,2.33,0
8cfdb681-32cf-4ebf-81f1-5c0839ec82d5,33b0f248-ebcf-5b8b-990f-9dbe393a95de,FCM,FCK,1,35,count,51.43,chance-ending possession,"FCM possession lasted 0.0s, gained 1.8m and produced 0 shots.",Territory & Control,sequence table and scatter,medium,4,chance-ending possession,2,crossing,0,2337.04,0,1,0,0,2337.04,39,,52.83,0,1.78,0
8cfdb681-32cf-4ebf-81f1-5c0839ec82d5,6a989a6f-89e6-5ac3-b7ac-73967d62688d,FCM,FCK,1,35,count,53.12,chance-ending possession,"FCM possession lasted 0.0s, gained 4.5m and produced 0 shots.",Territory & Control,sequence table and scatter,medium,4,chance-ending possession,2,crossing,0,2357.44,0,1,0,0,2357.44,40,,-53.09,0,4.49,0
8cfdb681-32cf-4ebf-81f1-5c0839ec82d5,666613a1-cdc2-5737-a96c-e1ef27c8a715,FCK,FCM,1,35,count,-32.9,maintenance possession,"FCK possession lasted 5.1s, gained 0.2m and produced 0 shots.",Territory & Control,sequence table and scatter,medium,3,maintenance possession,0,,5.12,2363.72,0,0,0,0,2358.6,40,,-48.12,0,0.21,0
8cfdb681-32cf-4ebf-81f1-5c0839ec82d5,a6bf0555-d0fb-5cfc-993a-14afa0eeb7e6,FCM,FCK,1,35,count,-47.87,chance-ending possession,"FCM possession lasted 0.0s, gained 0.1m and produced 1 shots.",Territory & Control,sequence table and scatter,medium,2,chance-ending possession,0,,0.04,2365.36,0,0,0,1,2365.32,40,,25.17,0.0195,0.13,0.0195
8cfdb681-32cf-4ebf-81f1-5c0839ec82d5,5679fb73-e88a-5228-8670-460e9ea22d61,FCK,FCM,1,35,count,52.71,chance-ending possession,"FCK possession lasted 24.7s, gained 345.1m and produced 1 shots.",Territory & Control,sequence table and scatter,medium,26,chance-ending possession,4,maintenance,24.68,2391.04,6,2,1,1,2366.36,40,,-48.32,0.7134,345.05,0.0534
8cfdb681-32cf-4ebf-81f1-5c0839ec82d5,8a14aafa-5ff5-538d-bf7b-e4cf2688b7b4,FCM,FCK,1,40,count,11.34,chance-ending possession,"FCM possession lasted 4.6s, gained 21.7m and produced 0 shots.",Territory & Control,sequence table and scatter,medium,11,chance-ending possession,5,maintenance,4.56,2411.76,0,3,0,0,2407.2,41,,35.01,0.2,21.7,0
8cfdb681-32cf-4ebf-81f1-5c0839ec82d5,73d47aad-ab98-55dd-854e-98fe50344227,FCK,FCM,1,40,count,14.39,direct transition,"FCK possession lasted 3.8s, gained 44.7m and produced 0 shots.",Territory & Control,sequence table and scatter,medium,9,direct transition,1,regain,3.8,2418.04,2,3,1,0,2414.24,41,,40.46,0.1,44.66,0
8cfdb681-32cf-4ebf-81f1-5c0839ec82d5,60d001d7-7008-58d7-864e-1a1278435685,FCK,FCM,1,40,count,-5.8,elaborate possession,"FCK possession lasted 30.6s, gained 32.4m and produced 0 shots.",Territory & Control,sequence table and scatter,medium,14,elaborate possession,0,buildup,30.6,2453.24,0,3,1,0,2422.64,41,,-6.12,0,32.38,0
8cfdb681-32cf-4ebf-81f1-5c0839ec82d5,38128781-a0fc-5b6b-8e48-8599bd50630c,FCM,FCK,1,40,count,-32.57,elaborate possession,"FCM possession lasted 5.0s, gained 13.5m and produced 0 shots.",Territory & Control,sequence table and scatter,medium,19,elaborate possession,0,regain,4.96,2457.44,0,2,0,0,2452.48,41,,-9.14,0,13.47,0
8cfdb681-32cf-4ebf-81f1-5c0839ec82d5,cbbf4022-7762-511e-9830-944b8ad9f832,FCK,FCM,1,40,count,1.32,elaborate possession,"FCK possession lasted 56.9s, gained 285.3m and produced 0 shots.",Territory & Control,sequence table and scatter,medium,59,elaborate possession,0,maintenance,56.92,2512.56,0,13,1,0,2455.64,41,,-13.31,0.1,285.31,0
8cfdb681-32cf-4ebf-81f1-5c0839ec82d5,c09f09c9-f4b0-5aca-aeb2-dbdd354b3228,FCM,FCK,1,40,count,-23.87,maintenance possession,"FCM possession lasted 6.6s, gained 18.6m and produced 0 shots.",Territory & Control,sequence table and scatter,medium,11,maintenance possession,0,regain,6.64,2519.92,0,2,0,0,2513.28,42,,-2.76,0,18.56,0
8cfdb681-32cf-4ebf-81f1-5c0839ec82d5,16abf3f4-7101-5810-9494-d689b8ce55ce,FCK,FCM,1,40,count,6.45,direct attack,"FCK possession lasted 0.0s, gained 108.9m and produced 0 shots.",Territory & Control,sequence table and scatter,medium,3,direct attack,0,progression,0,2568.92,0,1,0,0,2568.92,43,,-47,0.04,108.94,0
8cfdb681-32cf-4ebf-81f1-5c0839ec82d5,3c87ed39-ea32-549e-881a-0b4b48ddbf1d,FCM,FCK,1,40,count,-12.34,elaborate possession,"FCM possession lasted 18.8s, gained 108.4m and produced 0 shots.",Territory & Control,sequence table and scatter,medium,31,elaborate possession,0,counter_attack,18.76,2591.32,3,5,2,0,2572.56,43,,1.39,0.17,108.38,0
8cfdb681-32cf-4ebf-81f1-5c0839ec82d5,dff86a7c-eb2e-57e5-8513-5ff22d2dffde,FCM,FCK,1,40,count,47.17,elaborate possession,"FCM possession lasted 43.2s, gained 150.8m and produced 0 shots.",Territory & Control,sequence table and scatter,medium,65,elaborate possession,0,progression,43.24,2639.92,3,15,1,0,2596.68,44,,-24.82,0.23,150.81,0
8cfdb681-32cf-4ebf-81f1-5c0839ec82d5,ec6cc689-4736-5fd8-88fc-91a121f3ffcb,FCM,FCK,1,40,count,-52.68,chance-ending possession,"FCM possession lasted 6.7s, gained 13.6m and produced 2 shots.",Territory & Control,sequence table and scatter,medium,10,chance-ending possession,2,crossing,6.68,2679.16,0,1,0,2,2672.48,45,,52.85,0.0581,13.62,0.0581
8cfdb681-32cf-4ebf-81f1-5c0839ec82d5,4a0cb286-9bab-56a9-9a14-89ac35a6c4f4,FCK,FCM,1,45,count,25.14,direct attack,"FCK possession lasted 6.8s, gained 148.0m and produced 0 shots.",Territory & Control,sequence table and scatter,medium,7,direct attack,0,progression,6.76,2719.8,1,2,1,0,2713.04,46,,-47.06,0.09,148.04,0
8cfdb681-32cf-4ebf-81f1-5c0839ec82d5,11a43fc7-e461-5c3f-9c8d-bb9bfffd1841,FCM,FCK,1,45,count,0.7,elaborate possession,"FCM possession lasted 11.5s, gained 31.6m and produced 0 shots.",Territory & Control,sequence table and scatter,medium,14,elaborate possession,0,progression,11.52,2748.08,0,5,1,0,2736.56,46,,-11.82,0,31.59,0
8cfdb681-32cf-4ebf-81f1-5c0839ec82d5,455f10a8-e62a-543e-a045-1fc22b18ed3e,FCK,FCM,1,45,count,39.88,chance-ending possession,"FCK possession lasted 14.2s, gained 207.5m and produced 0 shots.",Territory & Control,sequence table and scatter,medium,24,chance-ending possession,2,counter_attack,14.24,2761.8,7,4,1,0,2747.56,46,,1.22,0.55,207.54,0
8cfdb681-32cf-4ebf-81f1-5c0839ec82d5,ceceb668-6fef-5988-87d1-3c8453d63673,FCM,FCK,2,45,count,27.15,direct attack,"FCM possession lasted 5.9s, gained 167.4m and produced 0 shots.",Territory & Control,sequence table and scatter,medium,14,direct attack,0,buildup,5.92,2768.12,5,3,1,0,2762.2,47,,0,0.25,167.44,0
8cfdb681-32cf-4ebf-81f1-5c0839ec82d5,7ebfb98f-473e-5136-9155-95970a57bbab,FCK,FCM,2,45,count,10.36,direct attack,"FCK possession lasted 5.0s, gained 46.4m and produced 0 shots.",Territory & Control,sequence table and scatter,medium,11,direct attack,0,counter_attack,5,2774.2,0,2,0,0,2769.2,47,,-33.49,0.02,46.37,0
8cfdb681-32cf-4ebf-81f1-5c0839ec82d5,40906103-7346-5150-ba72-14889511f78f,FCM,FCK,2,45,count,12.28,maintenance possession,"FCM possession lasted 2.1s, gained 1.8m and produced 0 shots.",Territory & Control,sequence table and scatter,medium,4,maintenance possession,0,regain,2.08,2775.76,0,0,0,0,2773.68,47,,7.26,0,1.76,0
8cfdb681-32cf-4ebf-81f1-5c0839ec82d5,c5ac7cb7-7fa8-505b-ac1d-e047109f29af,FCM,FCK,2,45,count,40.2,direct transition,"FCM possession lasted 5.9s, gained 61.7m and produced 0 shots.",Territory & Control,sequence table and scatter,medium,12,direct transition,4,progression,5.92,2794.6,2,2,0,0,2788.68,47,,17.1,0.4,61.71,0
8cfdb681-32cf-4ebf-81f1-5c0839ec82d5,0bae6687-b1aa-50ba-9332-3eaecc00cc18,FCK,FCM,2,45,count,6.51,maintenance possession,"FCK possession lasted 5.2s, gained 10.7m and produced 0 shots.",Territory & Control,sequence table and scatter,medium,10,maintenance possession,0,counter_attack,5.2,2799.28,0,3,0,0,2794.08,47,,37.49,0,10.68,0
8cfdb681-32cf-4ebf-81f1-5c0839ec82d5,cf1bc07e-37d9-5b47-ad88-8e1998c3091e,FCM,FCK,2,45,count,38.67,direct attack,"FCM possession lasted 1.4s, gained 38.7m and produced 0 shots.",Territory & Control,sequence table and scatter,medium,5,direct attack,0,progression,1.4,2808.64,1,1,0,0,2807.24,47,,27.42,0.05,38.68,0
8cfdb681-32cf-4ebf-81f1-5c0839ec82d5,f7c4b1f9-73e8-58d9-a556-130ac7057b70,FCM,FCK,2,45,count,49.61,chance-ending possession,"FCM possession lasted 12.8s, gained 111.6m and produced 0 shots.",Territory & Control,sequence table and scatter,medium,15,chance-ending possession,7,crossing,12.8,2847.72,2,4,1,0,2834.92,48,,44.42,0.4,111.63,0
8cfdb681-32cf-4ebf-81f1-5c0839ec82d5,b3de9355-7c8a-5500-85d5-24e3120e0781,FCM,FCK,2,45,count,50.22,direct transition,"FCM possession lasted 10.7s, gained 98.5m and produced 0 shots.",Territory & Control,sequence table and scatter,medium,13,direct transition,6,crossing,10.72,2885.28,0,2,1,0,2874.56,48,,52.61,0.3,98.55,0
8cfdb681-32cf-4ebf-81f1-5c0839ec82d5,3020ca31-e24d-5c0f-858c-808c965cb15a,FCK,FCM,2,45,count,-23.17,direct transition,"FCK possession lasted 6.8s, gained 34.0m and produced 0 shots.",Territory & Control,sequence table and scatter,medium,14,direct transition,3,counter_attack,6.84,2893.48,0,2,0,0,2886.64,49,,-51.62,0,34.02,0
8cfdb681-32cf-4ebf-81f1-5c0839ec82d5,da10a49d-4801-5ce2-a2ca-ce689a6a4703,FCM,FCK,2,45,count,41.06,direct transition,"FCM possession lasted 6.1s, gained 75.0m and produced 0 shots.",Territory & Control,sequence table and scatter,medium,11,direct transition,5,regain,6.08,2899.28,1,2,0,0,2893.2,49,,22.15,0.45,75.03,0
8cfdb681-32cf-4ebf-81f1-5c0839ec82d5,7511b104-46b1-5b9e-bb41-b32ada083639,FCK,FCM,2,45,count,10.76,direct attack,"FCK possession lasted 5.2s, gained 60.6m and produced 0 shots.",Territory & Control,sequence table and scatter,medium,15,direct attack,0,progression,5.24,2945.48,0,3,0,0,2940.24,50,,-36.99,0.02,60.57,0
8cfdb681-32cf-4ebf-81f1-5c0839ec82d5,567bf547-6c04-5e3b-bb5c-f8bb333f9794,FCK,FCM,2,45,count,-37.11,maintenance possession,"FCK possession lasted 0.0s, gained 5.5m and produced 0 shots.",Territory & Control,sequence table and scatter,medium,4,maintenance possession,0,progression,0.04,2965.36,0,1,0,0,2965.32,50,,-20.05,0,5.51,0
8cfdb681-32cf-4ebf-81f1-5c0839ec82d5,67ea27aa-de5b-5e10-ab77-07524477e265,FCM,FCK,2,45,count,-5.8,elaborate possession,"FCM possession lasted 19.1s, gained 129.9m and produced 0 shots.",Territory & Control,sequence table and scatter,medium,20,elaborate possession,0,maintenance,19.12,2984.56,0,4,0,0,2965.44,50,,-40.38,0.06,129.91,0
8cfdb681-32cf-4ebf-81f1-5c0839ec82d5,9a99649d-99cd-50f8-8807-1d0c9da3342c,FCK,FCM,2,45,count,7.05,elaborate possession,"FCK possession lasted 10.9s, gained 30.2m and produced 0 shots.",Territory & Control,sequence table and scatter,medium,17,elaborate possession,0,regain,10.92,2997.04,0,3,0,0,2986.12,50,,-0.28,0.04,30.22,0
8cfdb681-32cf-4ebf-81f1-5c0839ec82d5,72e063b4-b8ce-54a4-95c3-32c3bfede444,FCM,FCK,2,45,count,48.18,chance-ending possession,"FCM possession lasted 32.6s, gained 341.4m and produced 0 shots.",Territory & Control,sequence table and scatter,medium,33,chance-ending possession,6,counter_attack,32.64,3025.2,5,4,1,0,2992.56,50,,-22.22,0.57,341.41,0
8cfdb681-32cf-4ebf-81f1-5c0839ec82d5,93b456f8-44d5-59e3-8c26-e1d140696489,FCM,FCK,2,50,count,52.17,chance-ending possession,"FCM possession lasted 2.5s, gained 6.6m and produced 0 shots.",Territory & Control,sequence table and scatter,medium,9,chance-ending possession,4,attacking,2.48,3029.68,0,2,0,0,3027.2,51,,56.07,0.1,6.55,0
8cfdb681-32cf-4ebf-81f1-5c0839ec82d5,1a53bcb8-88ed-5422-8f88-39821af20495,FCK,FCM,2,50,count,-18.79,direct transition,"FCK possession lasted 12.0s, gained 90.5m and produced 0 shots.",Territory & Control,sequence table and scatter,medium,13,direct transition,5,maintenance,12,3055.08,0,4,1,0,3043.08,51,,-55.28,0.2,90.46,0
8cfdb681-32cf-4ebf-81f1-5c0839ec82d5,b9b20bff-e0f6-5024-bd1e-5790544e8496,FCK,FCM,2,50,count,8.25,direct attack,"FCK possession lasted 3.1s, gained 25.9m and produced 0 shots.",Territory & Control,sequence table and scatter,medium,6,direct attack,0,progression,3.08,3076.36,0,1,0,0,3073.28,52,,-17.24,0,25.92,0
8cfdb681-32cf-4ebf-81f1-5c0839ec82d5,19a06f05-7aab-5d43-8acc-ee80c1ad967d,FCM,FCK,2,50,count,4.36,direct attack,"FCM possession lasted 5.7s, gained 49.5m and produced 0 shots.",Territory & Control,sequence table and scatter,medium,11,direct attack,0,maintenance,5.68,3080.48,0,2,0,0,3074.8,52,,1.01,0.02,49.5,0
8cfdb681-32cf-4ebf-81f1-5c0839ec82d5,2e463a19-d602-5f72-a3ac-dcc1457407ca,FCK,FCM,2,50,count,-13.88,elaborate possession,"FCK possession lasted 16.8s, gained 85.0m and produced 0 shots.",Territory & Control,sequence table and scatter,medium,25,elaborate possession,0,counter_attack,16.8,3101,0,6,2,0,3084.2,52,,-7.53,0,85.01,0
8cfdb681-32cf-4ebf-81f1-5c0839ec82d5,3d3387f3-81d3-59fb-8ba0-28ba445d27da,FCM,FCK,2,50,count,1.39,direct attack,"FCM possession lasted 1.2s, gained 34.1m and produced 0 shots.",Territory & Control,sequence table and scatter,medium,5,direct attack,0,progression,1.16,3124.08,0,1,1,0,3122.92,53,,-15.72,0,34.06,0
8cfdb681-32cf-4ebf-81f1-5c0839ec82d5,d79bd878-d232-5575-a0a7-a995ed253cd5,FCK,FCM,2,50,count,3.81,maintenance possession,"FCK possession lasted 1.2s, gained 9.1m and produced 0 shots.",Territory & Control,sequence table and scatter,medium,6,maintenance possession,0,regain,1.16,3125.04,0,0,0,0,3123.88,53,,-5.19,0,9.06,0
8cfdb681-32cf-4ebf-81f1-5c0839ec82d5,02c4d104-6282-5446-a85a-76213a03b5b3,FCM,FCK,2,50,count,4,direct attack,"FCM possession lasted 0.0s, gained 33.3m and produced 0 shots.",Territory & Control,sequence table and scatter,medium,3,direct attack,0,progression,0,3153.8,1,1,0,0,3153.8,53,,1.38,0.05,33.27,0
8cfdb681-32cf-4ebf-81f1-5c0839ec82d5,2afd9180-6ce3-521e-99bb-c1453b3e7359,FCM,FCK,2,50,count,48.8,direct transition,"FCM possession lasted 10.3s, gained 41.6m and produced 2 shots.",Territory & Control,sequence table and scatter,medium,13,direct transition,10,crossing,10.32,3191.52,0,2,0,2,3181.2,54,,37.86,0.3991,41.61,0.0991
8cfdb681-32cf-4ebf-81f1-5c0839ec82d5,5843e4a5-10ef-5fa8-aaad-f2b2deda8880,FCK,FCM,2,50,count,-1.88,chance-ending possession,"FCK possession lasted 27.2s, gained 64.4m and produced 0 shots.",Territory & Control,sequence table and scatter,medium,19,chance-ending possession,4,maintenance,27.24,3220.2,1,4,3,0,3192.96,54,,26.85,0.15,64.38,0
8cfdb681-32cf-4ebf-81f1-5c0839ec82d5,3cf4eb36-71da-552a-bbe8-2e0540a8638d,FCM,FCK,2,50,count,25.16,elaborate possession,"FCM possession lasted 54.6s, gained 244.2m and produced 0 shots.",Territory & Control,sequence table and scatter,medium,56,elaborate possession,0,maintenance,54.64,3275.08,8,15,2,0,3220.44,54,,-0.37,0.44,244.17,0
8cfdb681-32cf-4ebf-81f1-5c0839ec82d5,c9a7d48a-4b82-5fca-a70b-129fd3c169b6,FCM,FCK,2,50,count,33.2,chance-ending possession,"FCM possession lasted 65.1s, gained 23.6m and produced 1 shots.",Territory & Control,sequence table and scatter,medium,4,chance-ending possession,1,attacking,65.08,3341.68,0,0,0,1,3276.6,55,,33.2,0.0862,23.58,0.0862
8cfdb681-32cf-4ebf-81f1-5c0839ec82d5,c55d7fb0-75e6-5db9-a6e4-9808c44f69fe,FCK,FCM,2,55,count,-18.25,direct transition,"FCK possession lasted 4.6s, gained 65.8m and produced 0 shots.",Territory & Control,sequence table and scatter,medium,6,direct transition,1,progression,4.6,3377.52,0,2,0,0,3372.92,57,,47.18,0.02,65.76,0
8cfdb681-32cf-4ebf-81f1-5c0839ec82d5,888b510f-2fc7-5d86-af4b-0ba5ce251d3e,FCM,FCK,2,55,count,45.98,elaborate possession,"FCM possession lasted 24.2s, gained 211.2m and produced 0 shots.",Territory & Control,sequence table and scatter,medium,23,elaborate possession,0,maintenance,24.16,3402.44,3,6,1,0,3378.28,57,,-27.47,0.19,211.15,0
8cfdb681-32cf-4ebf-81f1-5c0839ec82d5,fec01dce-8ebd-5e75-bb54-9fdd20cb45d6,FCM,FCK,2,55,count,50.74,chance-ending possession,"FCM possession lasted 0.0s, gained 0.0m and produced 0 shots.",Territory & Control,sequence table and scatter,medium,4,chance-ending possession,3,attacking,0,3427.36,0,1,0,0,3427.36,58,,58.35,0.1,0,0
8cfdb681-32cf-4ebf-81f1-5c0839ec82d5,a5232558-9124-56bd-87f5-6a4f9df7b300,FCM,FCK,2,55,count,51.37,chance-ending possession,"FCM possession lasted 0.0s, gained 0.0m and produced 0 shots.",Territory & Control,sequence table and scatter,medium,4,chance-ending possession,3,crossing,0,3444.76,0,1,0,0,3444.76,58,,59.43,0.1,0,0
8cfdb681-32cf-4ebf-81f1-5c0839ec82d5,2d9a682f-2310-5a36-9771-c5eaa523dcf1,FCK,FCM,2,55,count,1.89,chance-ending possession,"FCK possession lasted 23.4s, gained 96.1m and produced 0 shots.",Territory & Control,sequence table and scatter,medium,31,chance-ending possession,1,maintenance,23.36,3486.44,1,6,2,0,3463.08,58,,-51.76,0.07,96.11,0
8cfdb681-32cf-4ebf-81f1-5c0839ec82d5,363bb9de-60e1-5686-b87a-3cbb9978a1c0,FCK,FCM,2,55,count,-44.29,direct transition,"FCK possession lasted 8.8s, gained 25.2m and produced 1 shots.",Territory & Control,sequence table and scatter,medium,14,direct transition,2,progression,8.76,3516.92,0,3,0,1,3508.16,59,,-22.71,0.1986,25.18,0.0986
8cfdb681-32cf-4ebf-81f1-5c0839ec82d5,b74d6a6d-cf6d-568a-8f33-1b92dc88ce07,FCK,FCM,2,55,count,3.11,chance-ending possession,"FCK possession lasted 130.5s, gained 0.0m and produced 0 shots.",Territory & Control,sequence table and scatter,medium,4,chance-ending possession,1,,130.52,3649.6,0,0,0,0,3519.08,59,,41.28,0,0,0
8cfdb681-32cf-4ebf-81f1-5c0839ec82d5,41a4b327-86d2-5ade-8024-5302e364bd21,FCM,FCK,2,60,count,44.52,chance-ending possession,"FCM possession lasted 12.1s, gained 67.7m and produced 0 shots.",Territory & Control,sequence table and scatter,medium,11,chance-ending possession,2,attacking,12.08,3667.6,1,2,0,0,3655.52,61,,-1.21,0.15,67.67,0
8cfdb681-32cf-4ebf-81f1-5c0839ec82d5,7dcb79d3-c93d-5758-b334-22981dd8acbb,FCM,FCK,2,60,count,57.85,chance-ending possession,"FCM possession lasted 0.0s, gained 0.0m and produced 0 shots.",Territory & Control,sequence table and scatter,medium,4,chance-ending possession,1,crossing,0,3693.52,0,1,0,0,3693.52,62,,57.85,0.1,0,0
8cfdb681-32cf-4ebf-81f1-5c0839ec82d5,24cbf896-0ed5-59f9-bdf9-a293e21d5d9d,FCK,FCM,2,60,count,28.51,direct transition,"FCK possession lasted 10.8s, gained 32.8m and produced 0 shots.",Territory & Control,sequence table and scatter,medium,14,direct transition,1,maintenance,10.84,3748.12,0,4,0,0,3737.28,63,,18.09,0,32.83,0
8cfdb681-32cf-4ebf-81f1-5c0839ec82d5,ce017ae2-f76f-5d68-b7d7-baab7e0362f4,FCK,FCM,2,60,count,-35.39,elaborate possession,"FCK possession lasted 11.6s, gained 92.8m and produced 0 shots.",Territory & Control,sequence table and scatter,medium,29,elaborate possession,0,progression,11.56,3766.76,1,4,0,0,3755.2,63,,-22.86,0.07,92.82,0
8cfdb681-32cf-4ebf-81f1-5c0839ec82d5,b472677e-419c-598d-b8cb-08235ae84783,FCM,FCK,2,60,count,11.13,direct attack,"FCM possession lasted 5.7s, gained 67.4m and produced 0 shots.",Territory & Control,sequence table and scatter,medium,13,direct attack,0,counter_attack,5.72,3771.96,0,1,0,0,3766.24,63,,-14.25,0.02,67.37,0
8cfdb681-32cf-4ebf-81f1-5c0839ec82d5,01de989e-94cf-5701-9bff-b54f6b0db71e,FCK,FCM,2,60,count,1.99,elaborate possession,"FCK possession lasted 12.7s, gained 34.0m and produced 0 shots.",Territory & Control,sequence table and scatter,medium,17,elaborate possession,0,counter_attack,12.72,3785.56,1,6,0,0,3772.84,63,,2.71,0.05,34,0
8cfdb681-32cf-4ebf-81f1-5c0839ec82d5,c5b64e04-c201-59ff-8fe4-f45253a00bc7,FCM,FCK,2,60,count,52.57,chance-ending possession,"FCM possession lasted 21.9s, gained 169.4m and produced 1 shots.",Territory & Control,sequence table and scatter,medium,28,chance-ending possession,4,buildup,21.88,3821.56,3,6,1,1,3799.68,64,,5.83,0.3828,169.36,0.0328
8cfdb681-32cf-4ebf-81f1-5c0839ec82d5,fa625a46-19f0-579b-8865-325e38569770,FCK,FCM,2,60,count,-45.58,chance-ending possession,"FCK possession lasted 4.0s, gained 13.0m and produced 0 shots.",Territory & Control,sequence table and scatter,medium,7,chance-ending possession,1,maintenance,4,3866.88,0,2,0,0,3862.88,65,,-51.8,0,13.05,0
8cfdb681-32cf-4ebf-81f1-5c0839ec82d5,ee8d1007-a01f-5c80-8500-17d6b7a0309f,FCM,FCK,2,60,count,-3.72,elaborate possession,"FCM possession lasted 10.2s, gained 23.4m and produced 0 shots.",Territory & Control,sequence table and scatter,medium,15,elaborate possession,0,regain,10.2,3876.32,1,2,1,0,3866.12,65,,42.73,0.05,23.37,0
8cfdb681-32cf-4ebf-81f1-5c0839ec82d5,1b20b6d6-6410-56c7-9d41-36860336a7e2,FCK,FCM,2,60,count,-1.95,direct attack,"FCK possession lasted 9.1s, gained 43.3m and produced 0 shots.",Territory & Control,sequence table and scatter,medium,14,direct attack,0,counter_attack,9.12,3882.04,0,2,0,0,3872.92,65,,10.22,0,43.34,0
8cfdb681-32cf-4ebf-81f1-5c0839ec82d5,4f85e748-fdb2-5d81-9d01-538c7fca1126,FCM,FCK,2,60,count,40.27,chance-ending possession,"FCM possession lasted 23.9s, gained 244.3m and produced 0 shots.",Territory & Control,sequence table and scatter,medium,35,chance-ending possession,5,maintenance,23.92,3913.56,3,8,3,0,3889.64,65,,-4.34,0.59,244.33,0
8cfdb681-32cf-4ebf-81f1-5c0839ec82d5,803603d7-55e6-5013-b19e-7faa50bff341,FCM,FCK,2,65,count,54.9,chance-ending possession,"FCM possession lasted 0.0s, gained 0.0m and produced 0 shots.",Territory & Control,sequence table and scatter,medium,4,chance-ending possession,2,crossing,0,3940.32,0,1,0,0,3940.32,66,,57.99,0.2,0,0
8cfdb681-32cf-4ebf-81f1-5c0839ec82d5,eaa549d6-2d7f-54e4-ba27-ce5fcb03ca49,FCK,FCM,2,65,count,-12.5,chance-ending possession,"FCK possession lasted 23.3s, gained 54.4m and produced 0 shots.",Territory & Control,sequence table and scatter,medium,22,chance-ending possession,2,maintenance,23.28,3965.52,1,4,0,0,3942.24,66,,-54.39,0.05,54.44,0
8cfdb681-32cf-4ebf-81f1-5c0839ec82d5,e6099e8c-dcc8-520c-99b3-ef893f431488,FCM,FCK,2,65,count,52.76,chance-ending possession,"FCM possession lasted 20.8s, gained 235.3m and produced 1 shots.",Territory & Control,sequence table and scatter,medium,27,chance-ending possession,6,progression,20.76,3986.92,3,3,3,1,3966.16,67,,-6.08,0.6301,235.32,0.0601
8cfdb681-32cf-4ebf-81f1-5c0839ec82d5,f1a07562-8a49-5a4f-bb02-e53ee844e467,FCK,FCM,2,65,count,9.55,chance-ending possession,"FCK possession lasted 3.3s, gained 0.0m and produced 0 shots.",Territory & Control,sequence table and scatter,medium,4,chance-ending possession,1,progression,3.28,4022.8,0,1,0,0,4019.52,67,,-51.91,0,0,0
8cfdb681-32cf-4ebf-81f1-5c0839ec82d5,24dac0c4-ccc2-5a27-a3d3-200c60187ce3,FCM,FCK,2,65,count,20.34,elaborate possession,"FCM possession lasted 37.4s, gained 157.6m and produced 0 shots.",Territory & Control,sequence table and scatter,medium,42,elaborate possession,0,maintenance,37.44,4058.96,2,11,1,0,4021.52,68,,-11.07,0.14,157.6,0
8cfdb681-32cf-4ebf-81f1-5c0839ec82d5,2f1b6136-0dd0-5371-a5d0-41db4e69288e,FCM,FCK,2,65,count,53.79,direct attack,"FCM possession lasted 5.5s, gained 35.6m and produced 0 shots.",Territory & Control,sequence table and scatter,medium,12,direct attack,0,buildup,5.52,4082,0,3,0,0,4076.48,68,,25.86,0,35.6,0
8cfdb681-32cf-4ebf-81f1-5c0839ec82d5,17d360f8-14cd-5ed3-a88d-fe7ee712025f,FCM,FCK,2,65,count,57.41,chance-ending possession,"FCM possession lasted 0.0s, gained 0.0m and produced 0 shots.",Territory & Control,sequence table and scatter,medium,4,chance-ending possession,3,crossing,0,4126,0,1,0,0,4126,69,,52.32,0.1,0,0
8cfdb681-32cf-4ebf-81f1-5c0839ec82d5,03b979ee-3245-5e6d-80fe-8972d2a6b982,FCM,FCK,2,65,count,51.17,chance-ending possession,"FCM possession lasted 0.0s, gained 0.0m and produced 0 shots.",Territory & Control,sequence table and scatter,medium,4,chance-ending possession,3,crossing,0,4144.24,0,1,0,0,4144.24,70,,58.42,0.1,0,0
8cfdb681-32cf-4ebf-81f1-5c0839ec82d5,896ebdb3-d6e3-5635-aba6-cedc938d7662,FCM,FCK,2,65,count,52.85,chance-ending possession,"FCM possession lasted 5.0s, gained 9.0m and produced 1 shots.",Territory & Control,sequence table and scatter,medium,10,chance-ending possession,8,crossing,4.96,4177.68,0,3,0,1,4172.72,70,,57.57,0.2238,9.01,0.0238
8cfdb681-32cf-4ebf-81f1-5c0839ec82d5,f80e050e-8320-5742-a7ab-3ae7ee5d51b7,FCM,FCK,2,65,count,2.18,elaborate possession,"FCM possession lasted 56.9s, gained 0.0m and produced 0 shots.",Territory & Control,sequence table and scatter,medium,10,elaborate possession,0,,56.88,4236.76,0,0,0,0,4179.88,70,,2.18,0,0,0
8cfdb681-32cf-4ebf-81f1-5c0839ec82d5,7d2f48c1-6704-50ac-a4fc-68839ff07983,FCM,FCK,2,70,count,-14.61,maintenance possession,"FCM possession lasted 2.0s, gained 11.2m and produced 0 shots.",Territory & Control,sequence table and scatter,medium,5,maintenance possession,0,progression,2,4248.36,0,1,0,0,4246.36,71,,3.46,0,11.17,0
8cfdb681-32cf-4ebf-81f1-5c0839ec82d5,96034b26-392e-5f79-89f8-3e15553dfe96,FCK,FCM,2,70,count,-24.1,direct attack,"FCK possession lasted 2.4s, gained 32.9m and produced 0 shots.",Territory & Control,sequence table and scatter,medium,9,direct attack,0,buildup,2.36,4261.72,0,2,1,0,4259.36,71,,-4.96,0,32.92,0
8cfdb681-32cf-4ebf-81f1-5c0839ec82d5,1800f68f-0052-5fff-914a-b5f8b1195f91,FCM,FCK,2,70,count,5.37,direct attack,"FCM possession lasted 9.5s, gained 52.7m and produced 0 shots.",Territory & Control,sequence table and scatter,medium,9,direct attack,0,,9.52,4274.8,0,2,0,0,4265.28,72,,-25.91,0.02,52.72,0
8cfdb681-32cf-4ebf-81f1-5c0839ec82d5,90bc437d-e123-5191-82e5-b62a8a5f1f85,FCK,FCM,2,70,count,9.89,elaborate possession,"FCK possession lasted 44.4s, gained 253.0m and produced 0 shots.",Territory & Control,sequence table and scatter,medium,46,elaborate possession,0,buildup,44.4,4317.64,5,12,8,0,4273.24,72,,-3.99,0.31,252.99,0
8cfdb681-32cf-4ebf-81f1-5c0839ec82d5,8945b94d-df5f-557a-82cb-28ad9464286f,FCM,FCK,2,70,count,11.18,direct attack,"FCM possession lasted 4.4s, gained 100.5m and produced 0 shots.",Territory & Control,sequence table and scatter,medium,14,direct attack,0,counter_attack,4.44,4320.12,0,0,0,0,4315.68,72,,1.66,0,100.53,0
8cfdb681-32cf-4ebf-81f1-5c0839ec82d5,6a6702d9-3c8e-513c-9386-9f18e7a43cf5,FCM,FCK,2,70,count,22.59,chance-ending possession,"FCM possession lasted 47.0s, gained 25.2m and produced 0 shots.",Territory & Control,sequence table and scatter,medium,7,chance-ending possession,1,crossing,47,4368.04,0,1,0,0,4321.04,73,,19.11,0.1,25.19,0
8cfdb681-32cf-4ebf-81f1-5c0839ec82d5,6fe802bb-6e18-53c4-aa11-f209facac715,FCK,FCM,2,70,count,-39.99,chance-ending possession,"FCK possession lasted 13.4s, gained 132.4m and produced 0 shots.",Territory & Control,sequence table and scatter,medium,32,chance-ending possession,2,counter_attack,13.4,4380.48,1,3,0,0,4367.08,73,,22.07,0.19,132.36,0
8cfdb681-32cf-4ebf-81f1-5c0839ec82d5,08d77e30-f123-5e12-84a0-69166846ded6,FCM,FCK,2,70,count,-25.53,direct attack,"FCM possession lasted 7.0s, gained 43.2m and produced 0 shots.",Territory & Control,sequence table and scatter,medium,10,direct attack,0,maintenance,7,4386,0,1,1,0,4379,73,,-31.19,0,43.24,0
8cfdb681-32cf-4ebf-81f1-5c0839ec82d5,d2c8d6e9-c8c3-593e-a215-53469187684f,FCK,FCM,2,70,count,-24.71,direct attack,"FCK possession lasted 6.1s, gained 52.6m and produced 0 shots.",Territory & Control,sequence table and scatter,medium,17,direct attack,0,attacking,6.12,4447.52,1,2,0,0,4441.4,75,,-35.51,0.07,52.65,0
8cfdb681-32cf-4ebf-81f1-5c0839ec82d5,aaca9d64-4425-5508-b6bb-be96c1d047f1,FCM,FCK,2,70,count,-2.92,elaborate possession,"FCM possession lasted 15.7s, gained 42.2m and produced 0 shots.",Territory & Control,sequence table and scatter,medium,16,elaborate possession,0,buildup,15.68,4478.04,0,6,0,0,4462.36,75,,-20.16,0.02,42.22,0
8cfdb681-32cf-4ebf-81f1-5c0839ec82d5,2615a3b4-3504-5200-9fa4-5df0a4703039,FCM,FCK,2,70,count,35.24,elaborate possession,"FCM possession lasted 26.4s, gained 96.6m and produced 0 shots.",Territory & Control,sequence table and scatter,medium,27,elaborate possession,0,buildup,26.4,4514.36,1,6,0,0,4487.96,75,,-2.11,0.07,96.59,0
8cfdb681-32cf-4ebf-81f1-5c0839ec82d5,3795a5e0-aeb0-5e42-ae56-b792aa050a6c,FCK,FCM,2,75,count,4.51,elaborate possession,"FCK possession lasted 21.6s, gained 98.4m and produced 0 shots.",Territory & Control,sequence table and scatter,medium,27,elaborate possession,0,buildup,21.64,4580.56,1,6,2,0,4558.92,76,,7.82,0.07,98.37,0
8cfdb681-32cf-4ebf-81f1-5c0839ec82d5,9aab6362-7cd2-5a2e-8bba-b48e0f3d61bc,FCM,FCK,2,75,count,-12.08,maintenance possession,"FCM possession lasted 6.2s, gained 0.0m and produced 0 shots.",Territory & Control,sequence table and scatter,medium,6,maintenance possession,0,maintenance,6.24,4584.24,0,0,0,0,4578,77,,-12.78,0,0,0
8cfdb681-32cf-4ebf-81f1-5c0839ec82d5,1f2c5008-5abe-5d5d-bcb0-a0449f8c38e2,FCK,FCM,2,75,count,-41.14,chance-ending possession,"FCK possession lasted 21.4s, gained 129.5m and produced 0 shots.",Territory & Control,sequence table and scatter,medium,40,chance-ending possession,4,regain,21.44,4605.08,0,8,3,0,4583.64,77,,-10.17,0.1,129.54,0
8cfdb681-32cf-4ebf-81f1-5c0839ec82d5,f69a802c-97ca-5969-bfcb-0275e7a770a6,FCM,FCK,2,75,count,-3.94,elaborate possession,"FCM possession lasted 12.3s, gained 30.7m and produced 0 shots.",Territory & Control,sequence table and scatter,medium,13,elaborate possession,0,buildup,12.32,4647.8,0,5,0,0,4635.48,78,,-19.81,0.06,30.68,0
8cfdb681-32cf-4ebf-81f1-5c0839ec82d5,18696c31-25dd-5043-a6d9-285e1ca7744f,FCK,FCM,2,75,count,16.43,elaborate possession,"FCK possession lasted 6.3s, gained 15.1m and produced 0 shots.",Territory & Control,sequence table and scatter,medium,17,elaborate possession,0,regain,6.32,4653.6,0,2,0,0,4647.28,78,,-2.13,0.02,15.12,0
8cfdb681-32cf-4ebf-81f1-5c0839ec82d5,416e5f80-e836-5307-86ed-801e2a6e6836,FCM,FCK,2,75,count,48.9,direct attack,"FCM possession lasted 9.9s, gained 139.2m and produced 0 shots.",Territory & Control,sequence table and scatter,medium,16,direct attack,0,counter_attack,9.92,4663.76,2,2,1,0,4653.84,78,,-17.47,0.12,139.24,0
8cfdb681-32cf-4ebf-81f1-5c0839ec82d5,a95613d7-6cdd-5142-999a-8a0d030a3c41,FCK,FCM,2,75,count,-12.6,direct attack,"FCK possession lasted 8.7s, gained 63.6m and produced 0 shots.",Territory & Control,sequence table and scatter,medium,11,direct attack,0,maintenance,8.68,4673.28,1,2,0,0,4664.6,78,,-49.37,0.07,63.59,0
8cfdb681-32cf-4ebf-81f1-5c0839ec82d5,1e600b42-d4e8-547f-b4fe-578deb90e037,FCK,FCM,2,75,count,0.36,maintenance possession,"FCK possession lasted 2.3s, gained 6.7m and produced 0 shots.",Territory & Control,sequence table and scatter,medium,6,maintenance possession,0,buildup,2.32,4694.64,0,2,0,0,4692.32,79,,9.72,0,6.69,0
8cfdb681-32cf-4ebf-81f1-5c0839ec82d5,a2b901f5-b833-59da-8f8e-2e82e717b742,FCM,FCK,2,75,count,46.16,chance-ending possession,"FCM possession lasted 45.2s, gained 241.8m and produced 1 shots.",Territory & Control,sequence table and scatter,medium,49,chance-ending possession,8,buildup,45.2,4750.4,4,13,3,1,4705.2,79,,5.23,0.4994,241.82,0.0794
8cfdb681-32cf-4ebf-81f1-5c0839ec82d5,9617294e-485a-5d96-8014-a2e7c90f2f57,FCM,FCK,2,75,count,52.99,chance-ending possession,"FCM possession lasted 2.4s, gained 8.0m and produced 1 shots.",Territory & Control,sequence table and scatter,medium,6,chance-ending possession,5,crossing,2.36,4778.48,0,1,0,1,4776.12,80,,53.04,0.1471,7.98,0.0471
8cfdb681-32cf-4ebf-81f1-5c0839ec82d5,017051a9-a7da-5527-99cb-de1f85b6dc79,FCK,FCM,2,80,count,-4.72,elaborate possession,"FCK possession lasted 4.9s, gained 5.6m and produced 0 shots.",Territory & Control,sequence table and scatter,medium,19,elaborate possession,0,buildup,4.92,4862.52,0,2,0,0,4857.6,81,,0.04,0,5.64,0
8cfdb681-32cf-4ebf-81f1-5c0839ec82d5,73a94d32-f1ac-5aa9-880a-4d9715b1d96b,FCM,FCK,2,80,count,47.46,chance-ending possession,"FCM possession lasted 27.0s, gained 260.7m and produced 0 shots.",Territory & Control,sequence table and scatter,medium,27,chance-ending possession,2,progression,26.96,4932.52,5,5,1,0,4905.56,82,,-23.41,0.49,260.72,0
8cfdb681-32cf-4ebf-81f1-5c0839ec82d5,9044aced-7af7-5c7c-8944-c58a049f37cf,FCM,FCK,2,80,count,42.05,direct transition,"FCM possession lasted 3.9s, gained 62.7m and produced 1 shots.",Territory & Control,sequence table and scatter,medium,9,direct transition,6,attacking,3.92,4983.52,2,2,1,1,4979.6,83,,17.34,0.429,62.74,0.029
8cfdb681-32cf-4ebf-81f1-5c0839ec82d5,4d69ba7e-f012-511b-94b3-3253479fa2de,FCM,FCK,2,80,count,58.26,chance-ending possession,"FCM possession lasted 0.0s, gained 0.0m and produced 0 shots.",Territory & Control,sequence table and scatter,medium,4,chance-ending possession,3,crossing,0,5015.76,0,1,0,0,5015.76,84,,58.26,0.1,0,0
8cfdb681-32cf-4ebf-81f1-5c0839ec82d5,2bf65529-fd0c-5728-94c3-e75dbc6be4b2,FCK,FCM,2,80,count,-23.83,chance-ending possession,"FCK possession lasted 43.6s, gained 76.5m and produced 0 shots.",Territory & Control,sequence table and scatter,medium,19,chance-ending possession,1,progression,43.6,5063.04,1,2,0,0,5019.44,84,,47.15,0.07,76.53,0
8cfdb681-32cf-4ebf-81f1-5c0839ec82d5,e8189374-3642-52e1-9b4b-27a993a76232,FCM,FCK,2,80,count,-21.81,direct attack,"FCM possession lasted 7.9s, gained 32.0m and produced 0 shots.",Territory & Control,sequence table and scatter,medium,16,direct attack,0,counter_attack,7.88,5066.4,0,2,0,0,5058.52,85,,-13.28,0.04,32,0
8cfdb681-32cf-4ebf-81f1-5c0839ec82d5,e689acee-6cd5-5318-ab17-6674b7a59e42,FCK,FCM,2,80,count,-31.95,maintenance possession,"FCK possession lasted 6.1s, gained 20.0m and produced 0 shots.",Territory & Control,sequence table and scatter,medium,11,maintenance possession,0,regain,6.08,5071.6,0,2,0,0,5065.52,85,,-23.93,0.04,19.98,0
8cfdb681-32cf-4ebf-81f1-5c0839ec82d5,34717023-7495-5f24-ad21-ff1c7afa0144,FCM,FCK,2,80,count,40.62,chance-ending possession,"FCM possession lasted 12.7s, gained 236.9m and produced 0 shots.",Territory & Control,sequence table and scatter,medium,24,chance-ending possession,4,counter_attack,12.72,5084.92,4,3,1,0,5072.2,85,,-17.14,0.64,236.88,0
8cfdb681-32cf-4ebf-81f1-5c0839ec82d5,ceed2d87-9a33-5c3c-9b2a-ff33e8f02aba,FCK,FCM,2,80,count,44.64,chance-ending possession,"FCK possession lasted 46.4s, gained 178.6m and produced 0 shots.",Territory & Control,sequence table and scatter,medium,53,chance-ending possession,7,maintenance,46.36,5131.76,1,9,1,0,5085.4,85,,-45.21,0.19,178.56,0
8cfdb681-32cf-4ebf-81f1-5c0839ec82d5,86bf6e49-c8e5-5bb1-a3fc-3f4018225315,FCK,FCM,2,85,count,-41.5,direct transition,"FCK possession lasted 9.6s, gained 72.3m and produced 1 shots.",Territory & Control,sequence table and scatter,medium,18,direct transition,0,attacking,9.64,5189.84,1,4,1,1,5180.2,87,,34.78,0.0839,72.3,0.0339
8cfdb681-32cf-4ebf-81f1-5c0839ec82d5,21039f10-189a-53ad-abe8-56a1f130bb7e,FCM,FCK,2,85,count,-46.81,direct attack,"FCM possession lasted 0.0s, gained 51.2m and produced 0 shots.",Territory & Control,sequence table and scatter,medium,3,direct attack,0,progression,0,5269.84,0,1,0,0,5269.84,88,,-47.07,0.02,51.18,0
8cfdb681-32cf-4ebf-81f1-5c0839ec82d5,e99319d0-005d-5c68-9045-d42b92f3082c,FCK,FCM,2,85,count,-7.34,elaborate possession,"FCK possession lasted 13.7s, gained 109.8m and produced 0 shots.",Territory & Control,sequence table and scatter,medium,25,elaborate possession,0,counter_attack,13.68,5287.28,2,3,1,0,5273.6,88,,-12.54,0.12,109.81,0
8cfdb681-32cf-4ebf-81f1-5c0839ec82d5,96885972-40f6-541c-968f-200cb0b54ce5,FCM,FCK,2,85,count,10.12,maintenance possession,"FCM possession lasted 2.5s, gained 9.5m and produced 0 shots.",Territory & Control,sequence table and scatter,medium,5,maintenance possession,0,,2.48,5287.8,0,1,0,0,5285.32,89,,16.52,0,9.47,0
8cfdb681-32cf-4ebf-81f1-5c0839ec82d5,f94d11ef-ca31-517c-a3f8-76b8b9b154a5,FCM,FCK,2,85,count,8,elaborate possession,"FCM possession lasted 22.3s, gained 106.9m and produced 0 shots.",Territory & Control,sequence table and scatter,medium,24,elaborate possession,0,regain,22.28,5312.24,2,5,0,0,5289.96,89,,1.64,0.1,106.87,0
8cfdb681-32cf-4ebf-81f1-5c0839ec82d5,640bc6e9-6a59-5a02-9b36-ebc8291f8dec,FCK,FCM,2,85,count,-52.55,chance-ending possession,"FCK possession lasted 20.7s, gained 113.1m and produced 1 shots.",Territory & Control,sequence table and scatter,medium,35,chance-ending possession,5,counter_attack,20.68,5332.4,2,7,1,1,5311.72,89,,-10.1,0.2407,113.11,0.0407
8cfdb681-32cf-4ebf-81f1-5c0839ec82d5,10f6ad35-6a2c-5f26-b9b0-2a5541b60c10,FCM,FCK,2,85,count,-46.7,direct attack,"FCM possession lasted 0.0s, gained 108.4m and produced 0 shots.",Territory & Control,sequence table and scatter,medium,3,direct attack,0,progression,0,5366.24,0,1,0,0,5366.24,90,,-46.7,0.04,108.37,0
8cfdb681-32cf-4ebf-81f1-5c0839ec82d5,4260a087-c527-5b60-9645-693ea2b34777,FCK,FCM,2,85,count,40.28,chance-ending possession,"FCK possession lasted 40.7s, gained 117.7m and produced 1 shots.",Territory & Control,sequence table and scatter,medium,61,chance-ending possession,5,attacking,40.72,5416.88,1,13,2,1,5376.16,90,,0.9,0.3447,117.73,0.0547
8cfdb681-32cf-4ebf-81f1-5c0839ec82d5,c8ebe9ff-a55d-5579-ab14-5a972349758f,FCK,FCM,2,85,count,-13.55,maintenance possession,"FCK possession lasted 6.5s, gained 4.9m and produced 0 shots.",Territory & Control,sequence table and scatter,medium,6,maintenance possession,0,,6.52,5376.48,0,2,0,0,5369.96,90,,-13.66,0,4.93,0
8cfdb681-32cf-4ebf-81f1-5c0839ec82d5,3b952f64-e6de-5ce0-8815-58da4a69462f,FCM,FCK,2,90,count,16.35,elaborate possession,"FCM possession lasted 10.7s, gained 175.3m and produced 0 shots.",Territory & Control,sequence table and scatter,medium,16,elaborate possession,0,counter_attack,10.68,5428.56,0,2,0,0,5417.88,91,,-40.1,0.1,175.29,0
8cfdb681-32cf-4ebf-81f1-5c0839ec82d5,1665194c-81cc-55b8-ab99-6dc5a2760a6a,FCK,FCM,2,90,count,45.93,elaborate possession,"FCK possession lasted 24.4s, gained 152.3m and produced 0 shots.",Territory & Control,sequence table and scatter,medium,32,elaborate possession,0,maintenance,24.4,5453.88,1,8,2,0,5429.48,91,,-42.02,0.09,152.31,0
8cfdb681-32cf-4ebf-81f1-5c0839ec82d5,13d24246-95ff-5ed9-b77c-309901d7d951,FCM,FCK,2,90,count,22.11,elaborate possession,"FCM possession lasted 54.4s, gained 79.1m and produced 0 shots.",Territory & Control,sequence table and scatter,medium,11,elaborate possession,0,maintenance,54.44,5510.64,1,2,1,0,5456.2,91,,-46.77,0.09,79.11,0
8cfdb681-32cf-4ebf-81f1-5c0839ec82d5,143e07f8-5ca0-5d51-87cc-850749068d29,FCM,FCK,2,90,count,27.67,direct attack,"FCM possession lasted 3.2s, gained 63.6m and produced 0 shots.",Territory & Control,sequence table and scatter,medium,5,direct attack,0,progression,3.2,5515.04,2,1,0,0,5511.84,92,,-10.2,0.1,63.64,0
8cfdb681-32cf-4ebf-81f1-5c0839ec82d5,64a1ff4e-d7c1-5ebe-9d96-5de13dea4188,FCK,FCM,2,90,count,31.83,elaborate possession,"FCK possession lasted 19.8s, gained 68.1m and produced 0 shots.",Territory & Control,sequence table and scatter,medium,16,elaborate possession,0,buildup,19.84,5540.12,1,2,0,0,5520.28,93,,-24.05,0.09,68.11,0
8cfdb681-32cf-4ebf-81f1-5c0839ec82d5,374fbe5f-ba80-5483-900b-9ddb6754028b,FCK,FCM,2,90,count,-1.9,chance-ending possession,"FCK possession lasted 24.9s, gained 100.3m and produced 1 shots.",Territory & Control,sequence table and scatter,medium,40,chance-ending possession,4,attacking,24.88,5568.04,0,8,1,1,5543.16,93,,32.13,0.2886,100.29,0.0686
8cfdb681-32cf-4ebf-81f1-5c0839ec82d5,2c21946b-fc8a-5f37-9478-475bd83dab06,FCM,FCK,2,90,count,31.96,elaborate possession,"FCM possession lasted 37.1s, gained 16.4m and produced 0 shots.",Territory & Control,sequence table and scatter,medium,8,elaborate possession,0,progression,37.08,5606,0,1,0,0,5568.92,93,,21.29,0,16.42,0
8cfdb681-32cf-4ebf-81f1-5c0839ec82d5,bc00b86c-5ceb-51e5-94e3-ded1afce7fe0,FCM,FCK,2,90,count,40.89,direct transition,"FCM possession lasted 5.0s, gained 87.6m and produced 0 shots.",Territory & Control,sequence table and scatter,medium,10,direct transition,3,progression,5,5643,2,1,1,0,5638,94,,17.06,0.3,87.56,0
8cfdb681-32cf-4ebf-81f1-5c0839ec82d5,0dac4b5c-d460-5d63-a3a3-148160805ff6,FCK,FCM,2,90,count,-31.9,elaborate possession,"FCK possession lasted 43.7s, gained 176.7m and produced 0 shots.",Territory & Control,sequence table and scatter,medium,50,elaborate possession,0,progression,43.68,5694.76,1,13,1,0,5651.08,95,,-38.93,0.11,176.72,0
8cfdb681-32cf-4ebf-81f1-5c0839ec82d5,f378036c-ae1b-5167-91f9-d56de106879b,FCK,FCM,2,95,count,31.31,chance-ending possession,"FCK possession lasted 0.0s, gained 0.0m and produced 1 shots.",Territory & Control,sequence table and scatter,medium,3,chance-ending possession,0,attacking,0,5775.52,0,0,0,1,5775.52,97,,-32.29,0.1362,0,0.1362
8cfdb681-32cf-4ebf-81f1-5c0839ec82d5,553f1acd-685a-52ab-8171-1bfeed8c166d,FCM,FCK,2,95,count,-9.35,progressive possession,"FCM possession lasted 14.9s, gained 92.7m and produced 0 shots.",Territory & Control,sequence table and scatter,medium,10,progressive possession,0,maintenance,14.92,5790.44,0,1,0,0,5775.52,97,,-42.28,0.04,92.68,0
