match_id,team,period,minute_bin_5,metric_name,metric_value,metric_unit,interpretation_label,insight_text,dashboard_section,recommended_chart_type,priority_level,confidence_level,phase_context
8cfdb681-32cf-4ebf-81f1-5c0839ec82d5,FCM,1,0,team_width,41.9684,meters,tracking-derived,,Tracking & Team Shape,time-series line chart,high,high,live_all
8cfdb681-32cf-4ebf-81f1-5c0839ec82d5,FCM,1,0,team_depth,31.3603,meters,tracking-derived,,Tracking & Team Shape,time-series line chart,high,high,live_all
8cfdb681-32cf-4ebf-81f1-5c0839ec82d5,FCM,1,0,centroid_x,0.2203,meters,tracking-derived,,Tracking & Team Shape,time-series line chart,medium,high,live_all
8cfdb681-32cf-4ebf-81f1-5c0839ec82d5,FCM,1,0,centroid_y,-2.6321,meters,tracking-derived,,Tracking & Team Shape,time-series line chart,medium,high,live_all
8cfdb681-32cf-4ebf-81f1-5c0839ec82d5,FCM,1,0,compactness,15.7432,meters,tracking-derived,,Tracking & Team Shape,time-series line chart,high,high,live_all
8cfdb681-32cf-4ebf-81f1-5c0839ec82d5,FCM,1,0,avg_block_height,0.2203,meters,tracking-derived,,Tracking & Team Shape,time-series line chart,medium,high,live_all
8cfdb681-32cf-4ebf-81f1-5c0839ec82d5,FCM,1,0,defensive_line_height,-10.0562,meters,tracking-derived,,Tracking & Team Shape,time-series line chart,medium,medium,live_all
8cfdb681-32cf-4ebf-81f1-5c0839ec82d5,FCM,1,0,midfield_line_height,3.028,meters,tracking-derived,,Tracking & Team Shape,time-series line chart,medium,medium,live_all
8cfdb681-32cf-4ebf-81f1-5c0839ec82d5,FCM,1,0,forward_line_height,15.1579,meters,tracking-derived,,Tracking & Team Shape,time-series line chart,medium,medium,live_all
8cfdb681-32cf-4ebf-81f1-5c0839ec82d5,FCM,1,0,line_height_gap,25.2116,meters,tracking-derived,,Tracking & Team Shape,time-series line chart,medium,medium,live_all
8cfdb681-32cf-4ebf-81f1-5c0839ec82d5,FCK,1,0,team_width,45.9729,meters,tracking-derived,,Tracking & Team Shape,time-series line chart,high,high,live_all
8cfdb681-32cf-4ebf-81f1-5c0839ec82d5,FCK,1,0,team_depth,32.0886,meters,tracking-derived,,Tracking & Team Shape,time-series line chart,high,high,live_all
8cfdb681-32cf-4ebf-81f1-5c0839ec82d5,FCK,1,0,centroid_x,-4.9511,meters,tracking-derived,,Tracking & Team Shape,time-series line chart,medium,high,live_all
8cfdb681-32cf-4ebf-81f1-5c0839ec82d5,FCK,1,0,centroid_y,-2.1438,meters,tracking-derived,,Tracking & Team Shape,time-series line chart,medium,high,live_all
8cfdb681-32cf-4ebf-81f1-5c0839ec82d5,FCK,1,0,compactness,16.5567,meters,tracking-derived,,Tracking & Team Shape,time-series line chart,high,high,live_all
8cfdb681-32cf-4ebf-81f1-5c0839ec82d5,FCK,1,0,avg_block_height,-4.9511,meters,tracking-derived,,Tracking & Team Shape,time-series line chart,medium,high,live_all
8cfdb681-32cf-4ebf-81f1-5c0839ec82d5,FCK,1,0,defensive_line_height,-14.3998,meters,tracking-derived,,Tracking & Team Shape,time-series line chart,medium,medium,live_all
8cfdb681-32cf-4ebf-81f1-5c0839ec82d5,FCK,1,0,midfield_line_height,-3.7117,meters,tracking-derived,,Tracking & Team Shape,time-series line chart,medium,medium,live_all
8cfdb681-32cf-4ebf-81f1-5c0839ec82d5,FCK,1,0,forward_line_height,6.4076,meters,tracking-derived,,Tracking & Team Shape,time-series line chart,medium,medium,live_all
8cfdb681-32cf-4ebf-81f1-5c0839ec82d5,FCK,1,0,line_height_gap,20.8256,meters,tracking-derived,,Tracking & Team Shape,time-series line chart,medium,medium,live_all
8cfdb681-32cf-4ebf-81f1-5c0839ec82d5,FCM,1,5,team_width,40.7731,meters,tracking-derived,,Tracking & Team Shape,time-series line chart,high,high,live_all
8cfdb681-32cf-4ebf-81f1-5c0839ec82d5,FCM,1,5,team_depth,31.7759,meters,tracking-derived,,Tracking & Team Shape,time-series line chart,high,high,live_all
8cfdb681-32cf-4ebf-81f1-5c0839ec82d5,FCM,1,5,centroid_x,-3.1449,meters,tracking-derived,,Tracking & Team Shape,time-series line chart,medium,high,live_all
8cfdb681-32cf-4ebf-81f1-5c0839ec82d5,FCM,1,5,centroid_y,1.9218,meters,tracking-derived,,Tracking & Team Shape,time-series line chart,medium,high,live_all
8cfdb681-32cf-4ebf-81f1-5c0839ec82d5,FCM,1,5,compactness,15.1761,meters,tracking-derived,,Tracking & Team Shape,time-series line chart,high,high,live_all
8cfdb681-32cf-4ebf-81f1-5c0839ec82d5,FCM,1,5,avg_block_height,-3.1449,meters,tracking-derived,,Tracking & Team Shape,time-series line chart,medium,high,live_all
8cfdb681-32cf-4ebf-81f1-5c0839ec82d5,FCM,1,5,defensive_line_height,-12.9924,meters,tracking-derived,,Tracking & Team Shape,time-series line chart,medium,medium,live_all
8cfdb681-32cf-4ebf-81f1-5c0839ec82d5,FCM,1,5,midfield_line_height,-0.4244,meters,tracking-derived,,Tracking & Team Shape,time-series line chart,medium,medium,live_all
8cfdb681-32cf-4ebf-81f1-5c0839ec82d5,FCM,1,5,forward_line_height,11.1091,meters,tracking-derived,,Tracking & Team Shape,time-series line chart,medium,medium,live_all
8cfdb681-32cf-4ebf-81f1-5c0839ec82d5,FCM,1,5,line_height_gap,24.0972,meters,tracking-derived,,Tracking & Team Shape,time-series line chart,medium,medium,live_all
8cfdb681-32cf-4ebf-81f1-5c0839ec82d5,FCK,1,5,team_width,36.802,meters,tracking-derived,,Tracking & Team Shape,time-series line chart,high,high,live_all
8cfdb681-32cf-4ebf-81f1-5c0839ec82d5,FCK,1,5,team_depth,30.1617,meters,tracking-derived,,Tracking & Team Shape,time-series line chart,high,high,live_all
8cfdb681-32cf-4ebf-81f1-5c0839ec82d5,FCK,1,5,centroid_x,-1.8554,meters,tracking-derived,,Tracking & Team Shape,time-series line chart,medium,high,live_all
8cfdb681-32cf-4ebf-81f1-5c0839ec82d5,FCK,1,5,centroid_y,2.4968,meters,tracking-derived,,Tracking & Team Shape,time-series line chart,medium,high,live_all
8cfdb681-32cf-4ebf-81f1-5c0839ec82d5,FCK,1,5,compactness,14.2271,meters,tracking-derived,,Tracking & Team Shape,time-series line chart,high,high,live_all
8cfdb681-32cf-4ebf-81f1-5c0839ec82d5,FCK,1,5,avg_block_height,-1.8554,meters,tracking-derived,,Tracking & Team Shape,time-series line chart,medium,high,live_all
8cfdb681-32cf-4ebf-81f1-5c0839ec82d5,FCK,1,5,defensive_line_height,-11.3675,meters,tracking-derived,,Tracking & Team Shape,time-series line chart,medium,medium,live_all
8cfdb681-32cf-4ebf-81f1-5c0839ec82d5,FCK,1,5,midfield_line_height,0.2236,meters,tracking-derived,,Tracking & Team Shape,time-series line chart,medium,medium,live_all
8cfdb681-32cf-4ebf-81f1-5c0839ec82d5,FCK,1,5,forward_line_height,8.7485,meters,tracking-derived,,Tracking & Team Shape,time-series line chart,medium,medium,live_all
8cfdb681-32cf-4ebf-81f1-5c0839ec82d5,FCK,1,5,line_height_gap,20.2387,meters,tracking-derived,,Tracking & Team Shape,time-series line chart,medium,medium,live_all
8cfdb681-32cf-4ebf-81f1-5c0839ec82d5,FCM,1,10,team_width,40.1923,meters,tracking-derived,,Tracking & Team Shape,time-series line chart,high,high,live_all
8cfdb681-32cf-4ebf-81f1-5c0839ec82d5,FCM,1,10,team_depth,31.2086,meters,tracking-derived,,Tracking & Team Shape,time-series line chart,high,high,live_all
8cfdb681-32cf-4ebf-81f1-5c0839ec82d5,FCM,1,10,centroid_x,2.4273,meters,tracking-derived,,Tracking & Team Shape,time-series line chart,medium,high,live_all
8cfdb681-32cf-4ebf-81f1-5c0839ec82d5,FCM,1,10,centroid_y,0.9867,meters,tracking-derived,,Tracking & Team Shape,time-series line chart,medium,high,live_all
8cfdb681-32cf-4ebf-81f1-5c0839ec82d5,FCM,1,10,compactness,14.9656,meters,tracking-derived,,Tracking & Team Shape,time-series line chart,high,high,live_all
8cfdb681-32cf-4ebf-81f1-5c0839ec82d5,FCM,1,10,avg_block_height,2.4273,meters,tracking-derived,,Tracking & Team Shape,time-series line chart,medium,high,live_all
8cfdb681-32cf-4ebf-81f1-5c0839ec82d5,FCM,1,10,defensive_line_height,-7.035,meters,tracking-derived,,Tracking & Team Shape,time-series line chart,medium,medium,live_all
8cfdb681-32cf-4ebf-81f1-5c0839ec82d5,FCM,1,10,midfield_line_height,5.2021,meters,tracking-derived,,Tracking & Team Shape,time-series line chart,medium,medium,live_all
8cfdb681-32cf-4ebf-81f1-5c0839ec82d5,FCM,1,10,forward_line_height,15.8023,meters,tracking-derived,,Tracking & Team Shape,time-series line chart,medium,medium,live_all
8cfdb681-32cf-4ebf-81f1-5c0839ec82d5,FCM,1,10,line_height_gap,22.9552,meters,tracking-derived,,Tracking & Team Shape,time-series line chart,medium,medium,live_all
8cfdb681-32cf-4ebf-81f1-5c0839ec82d5,FCK,1,10,team_width,39.5213,meters,tracking-derived,,Tracking & Team Shape,time-series line chart,high,high,live_all
8cfdb681-32cf-4ebf-81f1-5c0839ec82d5,FCK,1,10,team_depth,31.9454,meters,tracking-derived,,Tracking & Team Shape,time-series line chart,high,high,live_all
8cfdb681-32cf-4ebf-81f1-5c0839ec82d5,FCK,1,10,centroid_x,-8.2638,meters,tracking-derived,,Tracking & Team Shape,time-series line chart,medium,high,live_all
8cfdb681-32cf-4ebf-81f1-5c0839ec82d5,FCK,1,10,centroid_y,2.7892,meters,tracking-derived,,Tracking & Team Shape,time-series line chart,medium,high,live_all
8cfdb681-32cf-4ebf-81f1-5c0839ec82d5,FCK,1,10,compactness,14.6514,meters,tracking-derived,,Tracking & Team Shape,time-series line chart,high,high,live_all
8cfdb681-32cf-4ebf-81f1-5c0839ec82d5,FCK,1,10,avg_block_height,-8.2638,meters,tracking-derived,,Tracking & Team Shape,time-series line chart,medium,high,live_all
8cfdb681-32cf-4ebf-81f1-5c0839ec82d5,FCK,1,10,defensive_line_height,-17.0015,meters,tracking-derived,,Tracking & Team Shape,time-series line chart,medium,medium,live_all
8cfdb681-32cf-4ebf-81f1-5c0839ec82d5,FCK,1,10,midfield_line_height,-7.3322,meters,tracking-derived,,Tracking & Team Shape,time-series line chart,medium,medium,live_all
8cfdb681-32cf-4ebf-81f1-5c0839ec82d5,FCK,1,10,forward_line_height,2.4548,meters,tracking-derived,,Tracking & Team Shape,time-series line chart,medium,medium,live_all
8cfdb681-32cf-4ebf-81f1-5c0839ec82d5,FCK,1,10,line_height_gap,19.8261,meters,tracking-derived,,Tracking & Team Shape,time-series line chart,medium,medium,live_all
8cfdb681-32cf-4ebf-81f1-5c0839ec82d5,FCM,1,15,team_width,37.9589,meters,tracking-derived,,Tracking & Team Shape,time-series line chart,high,high,live_all
8cfdb681-32cf-4ebf-81f1-5c0839ec82d5,FCM,1,15,team_depth,35.1707,meters,tracking-derived,,Tracking & Team Shape,time-series line chart,high,high,live_all
8cfdb681-32cf-4ebf-81f1-5c0839ec82d5,FCM,1,15,centroid_x,2.0526,meters,tracking-derived,,Tracking & Team Shape,time-series line chart,medium,high,live_all
8cfdb681-32cf-4ebf-81f1-5c0839ec82d5,FCM,1,15,centroid_y,-3.7187,meters,tracking-derived,,Tracking & Team Shape,time-series line chart,medium,high,live_all
8cfdb681-32cf-4ebf-81f1-5c0839ec82d5,FCM,1,15,compactness,15.3267,meters,tracking-derived,,Tracking & Team Shape,time-series line chart,high,high,live_all
8cfdb681-32cf-4ebf-81f1-5c0839ec82d5,FCM,1,15,avg_block_height,2.0526,meters,tracking-derived,,Tracking & Team Shape,time-series line chart,medium,high,live_all
8cfdb681-32cf-4ebf-81f1-5c0839ec82d5,FCM,1,15,defensive_line_height,-8.059,meters,tracking-derived,,Tracking & Team Shape,time-series line chart,medium,medium,live_all
8cfdb681-32cf-4ebf-81f1-5c0839ec82d5,FCM,1,15,midfield_line_height,4.4979,meters,tracking-derived,,Tracking & Team Shape,time-series line chart,medium,medium,live_all
8cfdb681-32cf-4ebf-81f1-5c0839ec82d5,FCM,1,15,forward_line_height,17.3853,meters,tracking-derived,,Tracking & Team Shape,time-series line chart,medium,medium,live_all
8cfdb681-32cf-4ebf-81f1-5c0839ec82d5,FCM,1,15,line_height_gap,25.9661,meters,tracking-derived,,Tracking & Team Shape,time-series line chart,medium,medium,live_all
8cfdb681-32cf-4ebf-81f1-5c0839ec82d5,FCK,1,15,team_width,40.3773,meters,tracking-derived,,Tracking & Team Shape,time-series line chart,high,high,live_all
8cfdb681-32cf-4ebf-81f1-5c0839ec82d5,FCK,1,15,team_depth,31.934,meters,tracking-derived,,Tracking & Team Shape,time-series line chart,high,high,live_all
8cfdb681-32cf-4ebf-81f1-5c0839ec82d5,FCK,1,15,centroid_x,-7.2564,meters,tracking-derived,,Tracking & Team Shape,time-series line chart,medium,high,live_all
8cfdb681-32cf-4ebf-81f1-5c0839ec82d5,FCK,1,15,centroid_y,-4.0059,meters,tracking-derived,,Tracking & Team Shape,time-series line chart,medium,high,live_all
8cfdb681-32cf-4ebf-81f1-5c0839ec82d5,FCK,1,15,compactness,15.1164,meters,tracking-derived,,Tracking & Team Shape,time-series line chart,high,high,live_all
8cfdb681-32cf-4ebf-81f1-5c0839ec82d5,FCK,1,15,avg_block_height,-7.2564,meters,tracking-derived,,Tracking & Team Shape,time-series line chart,medium,high,live_all
8cfdb681-32cf-4ebf-81f1-5c0839ec82d5,FCK,1,15,defensive_line_height,-16.1796,meters,tracking-derived,,Tracking & Team Shape,time-series line chart,medium,medium,live_all
8cfdb681-32cf-4ebf-81f1-5c0839ec82d5,FCK,1,15,midfield_line_height,-6.9886,meters,tracking-derived,,Tracking & Team Shape,time-series line chart,medium,medium,live_all
8cfdb681-32cf-4ebf-81f1-5c0839ec82d5,FCK,1,15,forward_line_height,4.3734,meters,tracking-derived,,Tracking & Team Shape,time-series line chart,medium,medium,live_all
8cfdb681-32cf-4ebf-81f1-5c0839ec82d5,FCK,1,15,line_height_gap,20.6361,meters,tracking-derived,,Tracking & Team Shape,time-series line chart,medium,medium,live_all
8cfdb681-32cf-4ebf-81f1-5c0839ec82d5,FCM,1,20,team_width,40.5821,meters,tracking-derived,,Tracking & Team Shape,time-series line chart,high,high,live_all
8cfdb681-32cf-4ebf-81f1-5c0839ec82d5,FCM,1,20,team_depth,35.2787,meters,tracking-derived,,Tracking & Team Shape,time-series line chart,high,high,live_all
8cfdb681-32cf-4ebf-81f1-5c0839ec82d5,FCM,1,20,centroid_x,-4.4738,meters,tracking-derived,,Tracking & Team Shape,time-series line chart,medium,high,live_all
8cfdb681-32cf-4ebf-81f1-5c0839ec82d5,FCM,1,20,centroid_y,-1.8293,meters,tracking-derived,,Tracking & Team Shape,time-series line chart,medium,high,live_all
8cfdb681-32cf-4ebf-81f1-5c0839ec82d5,FCM,1,20,compactness,15.7785,meters,tracking-derived,,Tracking & Team Shape,time-series line chart,high,high,live_all
8cfdb681-32cf-4ebf-81f1-5c0839ec82d5,FCM,1,20,avg_block_height,-4.4738,meters,tracking-derived,,Tracking & Team Shape,time-series line chart,medium,high,live_all
8cfdb681-32cf-4ebf-81f1-5c0839ec82d5,FCM,1,20,defensive_line_height,-15.33,meters,tracking-derived,,Tracking & Team Shape,time-series line chart,medium,medium,live_all
8cfdb681-32cf-4ebf-81f1-5c0839ec82d5,FCM,1,20,midfield_line_height,-0.8984,meters,tracking-derived,,Tracking & Team Shape,time-series line chart,medium,medium,live_all
8cfdb681-32cf-4ebf-81f1-5c0839ec82d5,FCM,1,20,forward_line_height,10.0877,meters,tracking-derived,,Tracking & Team Shape,time-series line chart,medium,medium,live_all
8cfdb681-32cf-4ebf-81f1-5c0839ec82d5,FCM,1,20,line_height_gap,25.6827,meters,tracking-derived,,Tracking & Team Shape,time-series line chart,medium,medium,live_all
8cfdb681-32cf-4ebf-81f1-5c0839ec82d5,FCK,1,20,team_width,35.2897,meters,tracking-derived,,Tracking & Team Shape,time-series line chart,high,high,live_all
8cfdb681-32cf-4ebf-81f1-5c0839ec82d5,FCK,1,20,team_depth,34.962,meters,tracking-derived,,Tracking & Team Shape,time-series line chart,high,high,live_all
8cfdb681-32cf-4ebf-81f1-5c0839ec82d5,FCK,1,20,centroid_x,-1.1911,meters,tracking-derived,,Tracking & Team Shape,time-series line chart,medium,high,live_all
8cfdb681-32cf-4ebf-81f1-5c0839ec82d5,FCK,1,20,centroid_y,-1.1312,meters,tracking-derived,,Tracking & Team Shape,time-series line chart,medium,high,live_all
8cfdb681-32cf-4ebf-81f1-5c0839ec82d5,FCK,1,20,compactness,14.691,meters,tracking-derived,,Tracking & Team Shape,time-series line chart,high,high,live_all
8cfdb681-32cf-4ebf-81f1-5c0839ec82d5,FCK,1,20,avg_block_height,-1.1911,meters,tracking-derived,,Tracking & Team Shape,time-series line chart,medium,high,live_all
8cfdb681-32cf-4ebf-81f1-5c0839ec82d5,FCK,1,20,defensive_line_height,-10.7699,meters,tracking-derived,,Tracking & Team Shape,time-series line chart,medium,medium,live_all
8cfdb681-32cf-4ebf-81f1-5c0839ec82d5,FCK,1,20,midfield_line_height,1.2633,meters,tracking-derived,,Tracking & Team Shape,time-series line chart,medium,medium,live_all
8cfdb681-32cf-4ebf-81f1-5c0839ec82d5,FCK,1,20,forward_line_height,9.1263,meters,tracking-derived,,Tracking & Team Shape,time-series line chart,medium,medium,live_all
8cfdb681-32cf-4ebf-81f1-5c0839ec82d5,FCK,1,20,line_height_gap,20.2451,meters,tracking-derived,,Tracking & Team Shape,time-series line chart,medium,medium,live_all
8cfdb681-32cf-4ebf-81f1-5c0839ec82d5,FCM,1,25,team_width,37.599,meters,tracking-derived,,Tracking & Team Shape,time-series line chart,high,high,live_all
8cfdb681-32cf-4ebf-81f1-5c0839ec82d5,FCM,1,25,team_depth,35.9081,meters,tracking-derived,,Tracking & Team Shape,time-series line chart,high,high,live_all
8cfdb681-32cf-4ebf-81f1-5c0839ec82d5,FCM,1,25,centroid_x,-5.8842,meters,tracking-derived,,Tracking & Team Shape,time-series line chart,medium,high,live_all
8cfdb681-32cf-4ebf-81f1-5c0839ec82d5,FCM,1,25,centroid_y,-0.7225,meters,tracking-derived,,Tracking & Team Shape,time-series line chart,medium,high,live_all
8cfdb681-32cf-4ebf-81f1-5c0839ec82d5,FCM,1,25,compactness,16.1836,meters,tracking-derived,,Tracking & Team Shape,time-series line chart,high,high,live_all
8cfdb681-32cf-4ebf-81f1-5c0839ec82d5,FCM,1,25,avg_block_height,-5.8842,meters,tracking-derived,,Tracking & Team Shape,time-series line chart,medium,high,live_all
8cfdb681-32cf-4ebf-81f1-5c0839ec82d5,FCM,1,25,defensive_line_height,-16.7796,meters,tracking-derived,,Tracking & Team Shape,time-series line chart,medium,medium,live_all
8cfdb681-32cf-4ebf-81f1-5c0839ec82d5,FCM,1,25,midfield_line_height,-3.7866,meters,tracking-derived,,Tracking & Team Shape,time-series line chart,medium,medium,live_all
8cfdb681-32cf-4ebf-81f1-5c0839ec82d5,FCM,1,25,forward_line_height,11.7114,meters,tracking-derived,,Tracking & Team Shape,time-series line chart,medium,medium,live_all
8cfdb681-32cf-4ebf-81f1-5c0839ec82d5,FCM,1,25,line_height_gap,28.777,meters,tracking-derived,,Tracking & Team Shape,time-series line chart,medium,medium,live_all
8cfdb681-32cf-4ebf-81f1-5c0839ec82d5,FCK,1,25,team_width,37.1648,meters,tracking-derived,,Tracking & Team Shape,time-series line chart,high,high,live_all
8cfdb681-32cf-4ebf-81f1-5c0839ec82d5,FCK,1,25,team_depth,36.4501,meters,tracking-derived,,Tracking & Team Shape,time-series line chart,high,high,live_all
8cfdb681-32cf-4ebf-81f1-5c0839ec82d5,FCK,1,25,centroid_x,0.6701,meters,tracking-derived,,Tracking & Team Shape,time-series line chart,medium,high,live_all
8cfdb681-32cf-4ebf-81f1-5c0839ec82d5,FCK,1,25,centroid_y,0.4707,meters,tracking-derived,,Tracking & Team Shape,time-series line chart,medium,high,live_all
8cfdb681-32cf-4ebf-81f1-5c0839ec82d5,FCK,1,25,compactness,16.0442,meters,tracking-derived,,Tracking & Team Shape,time-series line chart,high,high,live_all
8cfdb681-32cf-4ebf-81f1-5c0839ec82d5,FCK,1,25,avg_block_height,0.6701,meters,tracking-derived,,Tracking & Team Shape,time-series line chart,medium,high,live_all
8cfdb681-32cf-4ebf-81f1-5c0839ec82d5,FCK,1,25,defensive_line_height,-9.5287,meters,tracking-derived,,Tracking & Team Shape,time-series line chart,medium,medium,live_all
8cfdb681-32cf-4ebf-81f1-5c0839ec82d5,FCK,1,25,midfield_line_height,0.98,meters,tracking-derived,,Tracking & Team Shape,time-series line chart,medium,medium,live_all
8cfdb681-32cf-4ebf-81f1-5c0839ec82d5,FCK,1,25,forward_line_height,13.9585,meters,tracking-derived,,Tracking & Team Shape,time-series line chart,medium,medium,live_all
8cfdb681-32cf-4ebf-81f1-5c0839ec82d5,FCK,1,25,line_height_gap,23.8087,meters,tracking-derived,,Tracking & Team Shape,time-series line chart,medium,medium,live_all
8cfdb681-32cf-4ebf-81f1-5c0839ec82d5,FCM,1,30,team_width,36.5684,meters,tracking-derived,,Tracking & Team Shape,time-series line chart,high,high,live_all
8cfdb681-32cf-4ebf-81f1-5c0839ec82d5,FCM,1,30,team_depth,32.4291,meters,tracking-derived,,Tracking & Team Shape,time-series line chart,high,high,live_all
8cfdb681-32cf-4ebf-81f1-5c0839ec82d5,FCM,1,30,centroid_x,10.8222,meters,tracking-derived,,Tracking & Team Shape,time-series line chart,medium,high,live_all
8cfdb681-32cf-4ebf-81f1-5c0839ec82d5,FCM,1,30,centroid_y,2.3115,meters,tracking-derived,,Tracking & Team Shape,time-series line chart,medium,high,live_all
8cfdb681-32cf-4ebf-81f1-5c0839ec82d5,FCM,1,30,compactness,14.4775,meters,tracking-derived,,Tracking & Team Shape,time-series line chart,high,high,live_all
8cfdb681-32cf-4ebf-81f1-5c0839ec82d5,FCM,1,30,avg_block_height,10.8222,meters,tracking-derived,,Tracking & Team Shape,time-series line chart,medium,high,live_all
8cfdb681-32cf-4ebf-81f1-5c0839ec82d5,FCM,1,30,defensive_line_height,1.074,meters,tracking-derived,,Tracking & Team Shape,time-series line chart,medium,medium,live_all
8cfdb681-32cf-4ebf-81f1-5c0839ec82d5,FCM,1,30,midfield_line_height,13.5996,meters,tracking-derived,,Tracking & Team Shape,time-series line chart,medium,medium,live_all
8cfdb681-32cf-4ebf-81f1-5c0839ec82d5,FCM,1,30,forward_line_height,24.7642,meters,tracking-derived,,Tracking & Team Shape,time-series line chart,medium,medium,live_all
8cfdb681-32cf-4ebf-81f1-5c0839ec82d5,FCM,1,30,line_height_gap,23.9515,meters,tracking-derived,,Tracking & Team Shape,time-series line chart,medium,medium,live_all
8cfdb681-32cf-4ebf-81f1-5c0839ec82d5,FCK,1,30,team_width,38.9176,meters,tracking-derived,,Tracking & Team Shape,time-series line chart,high,high,live_all
8cfdb681-32cf-4ebf-81f1-5c0839ec82d5,FCK,1,30,team_depth,32.0163,meters,tracking-derived,,Tracking & Team Shape,time-series line chart,high,high,live_all
8cfdb681-32cf-4ebf-81f1-5c0839ec82d5,FCK,1,30,centroid_x,-16.3272,meters,tracking-derived,,Tracking & Team Shape,time-series line chart,medium,high,live_all
8cfdb681-32cf-4ebf-81f1-5c0839ec82d5,FCK,1,30,centroid_y,2.394,meters,tracking-derived,,Tracking & Team Shape,time-series line chart,medium,high,live_all
8cfdb681-32cf-4ebf-81f1-5c0839ec82d5,FCK,1,30,compactness,14.7271,meters,tracking-derived,,Tracking & Team Shape,time-series line chart,high,high,live_all
8cfdb681-32cf-4ebf-81f1-5c0839ec82d5,FCK,1,30,avg_block_height,-16.3272,meters,tracking-derived,,Tracking & Team Shape,time-series line chart,medium,high,live_all
8cfdb681-32cf-4ebf-81f1-5c0839ec82d5,FCK,1,30,defensive_line_height,-25.8168,meters,tracking-derived,,Tracking & Team Shape,time-series line chart,medium,medium,live_all
8cfdb681-32cf-4ebf-81f1-5c0839ec82d5,FCK,1,30,midfield_line_height,-16.2878,meters,tracking-derived,,Tracking & Team Shape,time-series line chart,medium,medium,live_all
8cfdb681-32cf-4ebf-81f1-5c0839ec82d5,FCK,1,30,forward_line_height,-3.7138,meters,tracking-derived,,Tracking & Team Shape,time-series line chart,medium,medium,live_all
8cfdb681-32cf-4ebf-81f1-5c0839ec82d5,FCK,1,30,line_height_gap,22.1322,meters,tracking-derived,,Tracking & Team Shape,time-series line chart,medium,medium,live_all
8cfdb681-32cf-4ebf-81f1-5c0839ec82d5,FCM,1,35,team_width,43.7235,meters,tracking-derived,,Tracking & Team Shape,time-series line chart,high,high,live_all
8cfdb681-32cf-4ebf-81f1-5c0839ec82d5,FCM,1,35,team_depth,34.2707,meters,tracking-derived,,Tracking & Team Shape,time-series line chart,high,high,live_all
8cfdb681-32cf-4ebf-81f1-5c0839ec82d5,FCM,1,35,centroid_x,14.9762,meters,tracking-derived,,Tracking & Team Shape,time-series line chart,medium,high,live_all
8cfdb681-32cf-4ebf-81f1-5c0839ec82d5,FCM,1,35,centroid_y,-3.0265,meters,tracking-derived,,Tracking & Team Shape,time-series line chart,medium,high,live_all
8cfdb681-32cf-4ebf-81f1-5c0839ec82d5,FCM,1,35,compactness,15.2378,meters,tracking-derived,,Tracking & Team Shape,time-series line chart,high,high,live_all
8cfdb681-32cf-4ebf-81f1-5c0839ec82d5,FCM,1,35,avg_block_height,14.9762,meters,tracking-derived,,Tracking & Team Shape,time-series line chart,medium,high,live_all
8cfdb681-32cf-4ebf-81f1-5c0839ec82d5,FCM,1,35,defensive_line_height,6.09,meters,tracking-derived,,Tracking & Team Shape,time-series line chart,medium,medium,live_all
8cfdb681-32cf-4ebf-81f1-5c0839ec82d5,FCM,1,35,midfield_line_height,17.4147,meters,tracking-derived,,Tracking & Team Shape,time-series line chart,medium,medium,live_all
8cfdb681-32cf-4ebf-81f1-5c0839ec82d5,FCM,1,35,forward_line_height,27.8715,meters,tracking-derived,,Tracking & Team Shape,time-series line chart,medium,medium,live_all
8cfdb681-32cf-4ebf-81f1-5c0839ec82d5,FCM,1,35,line_height_gap,22.0429,meters,tracking-derived,,Tracking & Team Shape,time-series line chart,medium,medium,live_all
8cfdb681-32cf-4ebf-81f1-5c0839ec82d5,FCK,1,35,team_width,31.7962,meters,tracking-derived,,Tracking & Team Shape,time-series line chart,high,high,live_all
8cfdb681-32cf-4ebf-81f1-5c0839ec82d5,FCK,1,35,team_depth,28.6869,meters,tracking-derived,,Tracking & Team Shape,time-series line chart,high,high,live_all
8cfdb681-32cf-4ebf-81f1-5c0839ec82d5,FCK,1,35,centroid_x,-19.8482,meters,tracking-derived,,Tracking & Team Shape,time-series line chart,medium,high,live_all
8cfdb681-32cf-4ebf-81f1-5c0839ec82d5,FCK,1,35,centroid_y,-2.0778,meters,tracking-derived,,Tracking & Team Shape,time-series line chart,medium,high,live_all
8cfdb681-32cf-4ebf-81f1-5c0839ec82d5,FCK,1,35,compactness,12.3189,meters,tracking-derived,,Tracking & Team Shape,time-series line chart,high,high,live_all
8cfdb681-32cf-4ebf-81f1-5c0839ec82d5,FCK,1,35,avg_block_height,-19.8482,meters,tracking-derived,,Tracking & Team Shape,time-series line chart,medium,high,live_all
8cfdb681-32cf-4ebf-81f1-5c0839ec82d5,FCK,1,35,defensive_line_height,-27.3034,meters,tracking-derived,,Tracking & Team Shape,time-series line chart,medium,medium,live_all
8cfdb681-32cf-4ebf-81f1-5c0839ec82d5,FCK,1,35,midfield_line_height,-18.1564,meters,tracking-derived,,Tracking & Team Shape,time-series line chart,medium,medium,live_all
8cfdb681-32cf-4ebf-81f1-5c0839ec82d5,FCK,1,35,forward_line_height,-11.5996,meters,tracking-derived,,Tracking & Team Shape,time-series line chart,medium,medium,live_all
8cfdb681-32cf-4ebf-81f1-5c0839ec82d5,FCK,1,35,line_height_gap,15.9013,meters,tracking-derived,,Tracking & Team Shape,time-series line chart,medium,medium,live_all
8cfdb681-32cf-4ebf-81f1-5c0839ec82d5,FCM,1,40,team_width,41.5689,meters,tracking-derived,,Tracking & Team Shape,time-series line chart,high,high,live_all
8cfdb681-32cf-4ebf-81f1-5c0839ec82d5,FCM,1,40,team_depth,33.402,meters,tracking-derived,,Tracking & Team Shape,time-series line chart,high,high,live_all
8cfdb681-32cf-4ebf-81f1-5c0839ec82d5,FCM,1,40,centroid_x,7.454,meters,tracking-derived,,Tracking & Team Shape,time-series line chart,medium,high,live_all
8cfdb681-32cf-4ebf-81f1-5c0839ec82d5,FCM,1,40,centroid_y,-2.5408,meters,tracking-derived,,Tracking & Team Shape,time-series line chart,medium,high,live_all
8cfdb681-32cf-4ebf-81f1-5c0839ec82d5,FCM,1,40,compactness,15.5977,meters,tracking-derived,,Tracking & Team Shape,time-series line chart,high,high,live_all
8cfdb681-32cf-4ebf-81f1-5c0839ec82d5,FCM,1,40,avg_block_height,7.454,meters,tracking-derived,,Tracking & Team Shape,time-series line chart,medium,high,live_all
8cfdb681-32cf-4ebf-81f1-5c0839ec82d5,FCM,1,40,defensive_line_height,-2.2768,meters,tracking-derived,,Tracking & Team Shape,time-series line chart,medium,medium,live_all
8cfdb681-32cf-4ebf-81f1-5c0839ec82d5,FCM,1,40,midfield_line_height,10.4176,meters,tracking-derived,,Tracking & Team Shape,time-series line chart,medium,medium,live_all
8cfdb681-32cf-4ebf-81f1-5c0839ec82d5,FCM,1,40,forward_line_height,20.9881,meters,tracking-derived,,Tracking & Team Shape,time-series line chart,medium,medium,live_all
8cfdb681-32cf-4ebf-81f1-5c0839ec82d5,FCM,1,40,line_height_gap,23.2968,meters,tracking-derived,,Tracking & Team Shape,time-series line chart,medium,medium,live_all
8cfdb681-32cf-4ebf-81f1-5c0839ec82d5,FCK,1,40,team_width,37.3992,meters,tracking-derived,,Tracking & Team Shape,time-series line chart,high,high,live_all
8cfdb681-32cf-4ebf-81f1-5c0839ec82d5,FCK,1,40,team_depth,30.3955,meters,tracking-derived,,Tracking & Team Shape,time-series line chart,high,high,live_all
8cfdb681-32cf-4ebf-81f1-5c0839ec82d5,FCK,1,40,centroid_x,-11.8991,meters,tracking-derived,,Tracking & Team Shape,time-series line chart,medium,high,live_all
8cfdb681-32cf-4ebf-81f1-5c0839ec82d5,FCK,1,40,centroid_y,-1.0775,meters,tracking-derived,,Tracking & Team Shape,time-series line chart,medium,high,live_all
8cfdb681-32cf-4ebf-81f1-5c0839ec82d5,FCK,1,40,compactness,14.7764,meters,tracking-derived,,Tracking & Team Shape,time-series line chart,high,high,live_all
8cfdb681-32cf-4ebf-81f1-5c0839ec82d5,FCK,1,40,avg_block_height,-11.8991,meters,tracking-derived,,Tracking & Team Shape,time-series line chart,medium,high,live_all
8cfdb681-32cf-4ebf-81f1-5c0839ec82d5,FCK,1,40,defensive_line_height,-20.7829,meters,tracking-derived,,Tracking & Team Shape,time-series line chart,medium,medium,live_all
8cfdb681-32cf-4ebf-81f1-5c0839ec82d5,FCK,1,40,midfield_line_height,-10.1344,meters,tracking-derived,,Tracking & Team Shape,time-series line chart,medium,medium,live_all
8cfdb681-32cf-4ebf-81f1-5c0839ec82d5,FCK,1,40,forward_line_height,-1.8189,meters,tracking-derived,,Tracking & Team Shape,time-series line chart,medium,medium,live_all
8cfdb681-32cf-4ebf-81f1-5c0839ec82d5,FCK,1,40,line_height_gap,18.989,meters,tracking-derived,,Tracking & Team Shape,time-series line chart,medium,medium,live_all
8cfdb681-32cf-4ebf-81f1-5c0839ec82d5,FCM,1,45,team_width,36.3003,meters,tracking-derived,,Tracking & Team Shape,time-series line chart,high,high,live_all
8cfdb681-32cf-4ebf-81f1-5c0839ec82d5,FCM,1,45,team_depth,28.5075,meters,tracking-derived,,Tracking & Team Shape,time-series line chart,high,high,live_all
8cfdb681-32cf-4ebf-81f1-5c0839ec82d5,FCM,1,45,centroid_x,-4.2661,meters,tracking-derived,,Tracking & Team Shape,time-series line chart,medium,high,live_all
8cfdb681-32cf-4ebf-81f1-5c0839ec82d5,FCM,1,45,centroid_y,13.8828,meters,tracking-derived,,Tracking & Team Shape,time-series line chart,medium,high,live_all
8cfdb681-32cf-4ebf-81f1-5c0839ec82d5,FCM,1,45,compactness,13.0619,meters,tracking-derived,,Tracking & Team Shape,time-series line chart,high,high,live_all
8cfdb681-32cf-4ebf-81f1-5c0839ec82d5,FCM,1,45,avg_block_height,-4.2661,meters,tracking-derived,,Tracking & Team Shape,time-series line chart,medium,high,live_all
8cfdb681-32cf-4ebf-81f1-5c0839ec82d5,FCM,1,45,defensive_line_height,-13.1199,meters,tracking-derived,,Tracking & Team Shape,time-series line chart,medium,medium,live_all
8cfdb681-32cf-4ebf-81f1-5c0839ec82d5,FCM,1,45,midfield_line_height,-1.4113,meters,tracking-derived,,Tracking & Team Shape,time-series line chart,medium,medium,live_all
8cfdb681-32cf-4ebf-81f1-5c0839ec82d5,FCM,1,45,forward_line_height,7.732,meters,tracking-derived,,Tracking & Team Shape,time-series line chart,medium,medium,live_all
8cfdb681-32cf-4ebf-81f1-5c0839ec82d5,FCM,1,45,line_height_gap,20.8519,meters,tracking-derived,,Tracking & Team Shape,time-series line chart,medium,medium,live_all
8cfdb681-32cf-4ebf-81f1-5c0839ec82d5,FCK,1,45,team_width,29.1136,meters,tracking-derived,,Tracking & Team Shape,time-series line chart,high,high,live_all
8cfdb681-32cf-4ebf-81f1-5c0839ec82d5,FCK,1,45,team_depth,28.2023,meters,tracking-derived,,Tracking & Team Shape,time-series line chart,high,high,live_all
8cfdb681-32cf-4ebf-81f1-5c0839ec82d5,FCK,1,45,centroid_x,-1.2148,meters,tracking-derived,,Tracking & Team Shape,time-series line chart,medium,high,live_all
8cfdb681-32cf-4ebf-81f1-5c0839ec82d5,FCK,1,45,centroid_y,15.333,meters,tracking-derived,,Tracking & Team Shape,time-series line chart,medium,high,live_all
8cfdb681-32cf-4ebf-81f1-5c0839ec82d5,FCK,1,45,compactness,11.8668,meters,tracking-derived,,Tracking & Team Shape,time-series line chart,high,high,live_all
8cfdb681-32cf-4ebf-81f1-5c0839ec82d5,FCK,1,45,avg_block_height,-1.2148,meters,tracking-derived,,Tracking & Team Shape,time-series line chart,medium,high,live_all
8cfdb681-32cf-4ebf-81f1-5c0839ec82d5,FCK,1,45,defensive_line_height,-10.5053,meters,tracking-derived,,Tracking & Team Shape,time-series line chart,medium,medium,live_all
8cfdb681-32cf-4ebf-81f1-5c0839ec82d5,FCK,1,45,midfield_line_height,0.3858,meters,tracking-derived,,Tracking & Team Shape,time-series line chart,medium,medium,live_all
8cfdb681-32cf-4ebf-81f1-5c0839ec82d5,FCK,1,45,forward_line_height,9.5717,meters,tracking-derived,,Tracking & Team Shape,time-series line chart,medium,medium,live_all
8cfdb681-32cf-4ebf-81f1-5c0839ec82d5,FCK,1,45,line_height_gap,20.077,meters,tracking-derived,,Tracking & Team Shape,time-series line chart,medium,medium,live_all
8cfdb681-32cf-4ebf-81f1-5c0839ec82d5,FCM,2,45,team_width,33.5708,meters,tracking-derived,,Tracking & Team Shape,time-series line chart,high,high,live_all
8cfdb681-32cf-4ebf-81f1-5c0839ec82d5,FCM,2,45,team_depth,33.3378,meters,tracking-derived,,Tracking & Team Shape,time-series line chart,high,high,live_all
8cfdb681-32cf-4ebf-81f1-5c0839ec82d5,FCM,2,45,centroid_x,10.8333,meters,tracking-derived,,Tracking & Team Shape,time-series line chart,medium,high,live_all
8cfdb681-32cf-4ebf-81f1-5c0839ec82d5,FCM,2,45,centroid_y,-9.962,meters,tracking-derived,,Tracking & Team Shape,time-series line chart,medium,high,live_all
8cfdb681-32cf-4ebf-81f1-5c0839ec82d5,FCM,2,45,compactness,14.1261,meters,tracking-derived,,Tracking & Team Shape,time-series line chart,high,high,live_all
8cfdb681-32cf-4ebf-81f1-5c0839ec82d5,FCM,2,45,avg_block_height,10.8333,meters,tracking-derived,,Tracking & Team Shape,time-series line chart,medium,high,live_all
8cfdb681-32cf-4ebf-81f1-5c0839ec82d5,FCM,2,45,defensive_line_height,3.2541,meters,tracking-derived,,Tracking & Team Shape,time-series line chart,medium,medium,live_all
8cfdb681-32cf-4ebf-81f1-5c0839ec82d5,FCM,2,45,midfield_line_height,12.3456,meters,tracking-derived,,Tracking & Team Shape,time-series line chart,medium,medium,live_all
8cfdb681-32cf-4ebf-81f1-5c0839ec82d5,FCM,2,45,forward_line_height,22.9671,meters,tracking-derived,,Tracking & Team Shape,time-series line chart,medium,medium,live_all
8cfdb681-32cf-4ebf-81f1-5c0839ec82d5,FCM,2,45,line_height_gap,20.2982,meters,tracking-derived,,Tracking & Team Shape,time-series line chart,medium,medium,live_all
8cfdb681-32cf-4ebf-81f1-5c0839ec82d5,FCK,2,45,team_width,31.2018,meters,tracking-derived,,Tracking & Team Shape,time-series line chart,high,high,live_all
8cfdb681-32cf-4ebf-81f1-5c0839ec82d5,FCK,2,45,team_depth,28.1524,meters,tracking-derived,,Tracking & Team Shape,time-series line chart,high,high,live_all
8cfdb681-32cf-4ebf-81f1-5c0839ec82d5,FCK,2,45,centroid_x,-16.9782,meters,tracking-derived,,Tracking & Team Shape,time-series line chart,medium,high,live_all
8cfdb681-32cf-4ebf-81f1-5c0839ec82d5,FCK,2,45,centroid_y,-8.0673,meters,tracking-derived,,Tracking & Team Shape,time-series line chart,medium,high,live_all
8cfdb681-32cf-4ebf-81f1-5c0839ec82d5,FCK,2,45,compactness,12.6777,meters,tracking-derived,,Tracking & Team Shape,time-series line chart,high,high,live_all
8cfdb681-32cf-4ebf-81f1-5c0839ec82d5,FCK,2,45,avg_block_height,-16.9782,meters,tracking-derived,,Tracking & Team Shape,time-series line chart,medium,high,live_all
8cfdb681-32cf-4ebf-81f1-5c0839ec82d5,FCK,2,45,defensive_line_height,-24.6534,meters,tracking-derived,,Tracking & Team Shape,time-series line chart,medium,medium,live_all
8cfdb681-32cf-4ebf-81f1-5c0839ec82d5,FCK,2,45,midfield_line_height,-15.9263,meters,tracking-derived,,Tracking & Team Shape,time-series line chart,medium,medium,live_all
8cfdb681-32cf-4ebf-81f1-5c0839ec82d5,FCK,2,45,forward_line_height,-7.7966,meters,tracking-derived,,Tracking & Team Shape,time-series line chart,medium,medium,live_all
8cfdb681-32cf-4ebf-81f1-5c0839ec82d5,FCK,2,45,line_height_gap,16.9086,meters,tracking-derived,,Tracking & Team Shape,time-series line chart,medium,medium,live_all
8cfdb681-32cf-4ebf-81f1-5c0839ec82d5,FCM,2,50,team_width,40.3942,meters,tracking-derived,,Tracking & Team Shape,time-series line chart,high,high,live_all
8cfdb681-32cf-4ebf-81f1-5c0839ec82d5,FCM,2,50,team_depth,33.7454,meters,tracking-derived,,Tracking & Team Shape,time-series line chart,high,high,live_all
8cfdb681-32cf-4ebf-81f1-5c0839ec82d5,FCM,2,50,centroid_x,9.4413,meters,tracking-derived,,Tracking & Team Shape,time-series line chart,medium,high,live_all
8cfdb681-32cf-4ebf-81f1-5c0839ec82d5,FCM,2,50,centroid_y,-2.6397,meters,tracking-derived,,Tracking & Team Shape,time-series line chart,medium,high,live_all
8cfdb681-32cf-4ebf-81f1-5c0839ec82d5,FCM,2,50,compactness,15.7175,meters,tracking-derived,,Tracking & Team Shape,time-series line chart,high,high,live_all
8cfdb681-32cf-4ebf-81f1-5c0839ec82d5,FCM,2,50,avg_block_height,9.4413,meters,tracking-derived,,Tracking & Team Shape,time-series line chart,medium,high,live_all
8cfdb681-32cf-4ebf-81f1-5c0839ec82d5,FCM,2,50,defensive_line_height,0.5676,meters,tracking-derived,,Tracking & Team Shape,time-series line chart,medium,medium,live_all
8cfdb681-32cf-4ebf-81f1-5c0839ec82d5,FCM,2,50,midfield_line_height,11.6429,meters,tracking-derived,,Tracking & Team Shape,time-series line chart,medium,medium,live_all
8cfdb681-32cf-4ebf-81f1-5c0839ec82d5,FCM,2,50,forward_line_height,22.7853,meters,tracking-derived,,Tracking & Team Shape,time-series line chart,medium,medium,live_all
8cfdb681-32cf-4ebf-81f1-5c0839ec82d5,FCM,2,50,line_height_gap,22.4059,meters,tracking-derived,,Tracking & Team Shape,time-series line chart,medium,medium,live_all
8cfdb681-32cf-4ebf-81f1-5c0839ec82d5,FCK,2,50,team_width,37.6195,meters,tracking-derived,,Tracking & Team Shape,time-series line chart,high,high,live_all
8cfdb681-32cf-4ebf-81f1-5c0839ec82d5,FCK,2,50,team_depth,31.2953,meters,tracking-derived,,Tracking & Team Shape,time-series line chart,high,high,live_all
8cfdb681-32cf-4ebf-81f1-5c0839ec82d5,FCK,2,50,centroid_x,-14.366,meters,tracking-derived,,Tracking & Team Shape,time-series line chart,medium,high,live_all
8cfdb681-32cf-4ebf-81f1-5c0839ec82d5,FCK,2,50,centroid_y,-2.4052,meters,tracking-derived,,Tracking & Team Shape,time-series line chart,medium,high,live_all
8cfdb681-32cf-4ebf-81f1-5c0839ec82d5,FCK,2,50,compactness,14.8182,meters,tracking-derived,,Tracking & Team Shape,time-series line chart,high,high,live_all
8cfdb681-32cf-4ebf-81f1-5c0839ec82d5,FCK,2,50,avg_block_height,-14.366,meters,tracking-derived,,Tracking & Team Shape,time-series line chart,medium,high,live_all
8cfdb681-32cf-4ebf-81f1-5c0839ec82d5,FCK,2,50,defensive_line_height,-23.3503,meters,tracking-derived,,Tracking & Team Shape,time-series line chart,medium,medium,live_all
8cfdb681-32cf-4ebf-81f1-5c0839ec82d5,FCK,2,50,midfield_line_height,-13.6016,meters,tracking-derived,,Tracking & Team Shape,time-series line chart,medium,medium,live_all
8cfdb681-32cf-4ebf-81f1-5c0839ec82d5,FCK,2,50,forward_line_height,-3.1514,meters,tracking-derived,,Tracking & Team Shape,time-series line chart,medium,medium,live_all
8cfdb681-32cf-4ebf-81f1-5c0839ec82d5,FCK,2,50,line_height_gap,20.2,meters,tracking-derived,,Tracking & Team Shape,time-series line chart,medium,medium,live_all
8cfdb681-32cf-4ebf-81f1-5c0839ec82d5,FCM,2,55,team_width,39.6349,meters,tracking-derived,,Tracking & Team Shape,time-series line chart,high,high,live_all
8cfdb681-32cf-4ebf-81f1-5c0839ec82d5,FCM,2,55,team_depth,31.7862,meters,tracking-derived,,Tracking & Team Shape,time-series line chart,high,high,live_all
8cfdb681-32cf-4ebf-81f1-5c0839ec82d5,FCM,2,55,centroid_x,1.6679,meters,tracking-derived,,Tracking & Team Shape,time-series line chart,medium,high,live_all
8cfdb681-32cf-4ebf-81f1-5c0839ec82d5,FCM,2,55,centroid_y,-6.8336,meters,tracking-derived,,Tracking & Team Shape,time-series line chart,medium,high,live_all
8cfdb681-32cf-4ebf-81f1-5c0839ec82d5,FCM,2,55,compactness,14.891,meters,tracking-derived,,Tracking & Team Shape,time-series line chart,high,high,live_all
8cfdb681-32cf-4ebf-81f1-5c0839ec82d5,FCM,2,55,avg_block_height,1.6679,meters,tracking-derived,,Tracking & Team Shape,time-series line chart,medium,high,live_all
8cfdb681-32cf-4ebf-81f1-5c0839ec82d5,FCM,2,55,defensive_line_height,-7.2205,meters,tracking-derived,,Tracking & Team Shape,time-series line chart,medium,medium,live_all
8cfdb681-32cf-4ebf-81f1-5c0839ec82d5,FCM,2,55,midfield_line_height,3.6407,meters,tracking-derived,,Tracking & Team Shape,time-series line chart,medium,medium,live_all
8cfdb681-32cf-4ebf-81f1-5c0839ec82d5,FCM,2,55,forward_line_height,15.4992,meters,tracking-derived,,Tracking & Team Shape,time-series line chart,medium,medium,live_all
8cfdb681-32cf-4ebf-81f1-5c0839ec82d5,FCM,2,55,line_height_gap,22.7419,meters,tracking-derived,,Tracking & Team Shape,time-series line chart,medium,medium,live_all
8cfdb681-32cf-4ebf-81f1-5c0839ec82d5,FCK,2,55,team_width,35.277,meters,tracking-derived,,Tracking & Team Shape,time-series line chart,high,high,live_all
8cfdb681-32cf-4ebf-81f1-5c0839ec82d5,FCK,2,55,team_depth,28.1897,meters,tracking-derived,,Tracking & Team Shape,time-series line chart,high,high,live_all
8cfdb681-32cf-4ebf-81f1-5c0839ec82d5,FCK,2,55,centroid_x,-7.3384,meters,tracking-derived,,Tracking & Team Shape,time-series line chart,medium,high,live_all
8cfdb681-32cf-4ebf-81f1-5c0839ec82d5,FCK,2,55,centroid_y,-6.7005,meters,tracking-derived,,Tracking & Team Shape,time-series line chart,medium,high,live_all
8cfdb681-32cf-4ebf-81f1-5c0839ec82d5,FCK,2,55,compactness,13.5442,meters,tracking-derived,,Tracking & Team Shape,time-series line chart,high,high,live_all
8cfdb681-32cf-4ebf-81f1-5c0839ec82d5,FCK,2,55,avg_block_height,-7.3384,meters,tracking-derived,,Tracking & Team Shape,time-series line chart,medium,high,live_all
8cfdb681-32cf-4ebf-81f1-5c0839ec82d5,FCK,2,55,defensive_line_height,-15.7596,meters,tracking-derived,,Tracking & Team Shape,time-series line chart,medium,medium,live_all
8cfdb681-32cf-4ebf-81f1-5c0839ec82d5,FCK,2,55,midfield_line_height,-6.3501,meters,tracking-derived,,Tracking & Team Shape,time-series line chart,medium,medium,live_all
8cfdb681-32cf-4ebf-81f1-5c0839ec82d5,FCK,2,55,forward_line_height,2.9014,meters,tracking-derived,,Tracking & Team Shape,time-series line chart,medium,medium,live_all
8cfdb681-32cf-4ebf-81f1-5c0839ec82d5,FCK,2,55,line_height_gap,18.6919,meters,tracking-derived,,Tracking & Team Shape,time-series line chart,medium,medium,live_all
8cfdb681-32cf-4ebf-81f1-5c0839ec82d5,FCM,2,60,team_width,40.7562,meters,tracking-derived,,Tracking & Team Shape,time-series line chart,high,high,live_all
8cfdb681-32cf-4ebf-81f1-5c0839ec82d5,FCM,2,60,team_depth,33.6435,meters,tracking-derived,,Tracking & Team Shape,time-series line chart,high,high,live_all
8cfdb681-32cf-4ebf-81f1-5c0839ec82d5,FCM,2,60,centroid_x,13.6199,meters,tracking-derived,,Tracking & Team Shape,time-series line chart,medium,high,live_all
8cfdb681-32cf-4ebf-81f1-5c0839ec82d5,FCM,2,60,centroid_y,-0.4308,meters,tracking-derived,,Tracking & Team Shape,time-series line chart,medium,high,live_all
8cfdb681-32cf-4ebf-81f1-5c0839ec82d5,FCM,2,60,compactness,15.4603,meters,tracking-derived,,Tracking & Team Shape,time-series line chart,high,high,live_all
8cfdb681-32cf-4ebf-81f1-5c0839ec82d5,FCM,2,60,avg_block_height,13.6199,meters,tracking-derived,,Tracking & Team Shape,time-series line chart,medium,high,live_all
8cfdb681-32cf-4ebf-81f1-5c0839ec82d5,FCM,2,60,defensive_line_height,4.601,meters,tracking-derived,,Tracking & Team Shape,time-series line chart,medium,medium,live_all
8cfdb681-32cf-4ebf-81f1-5c0839ec82d5,FCM,2,60,midfield_line_height,15.9648,meters,tracking-derived,,Tracking & Team Shape,time-series line chart,medium,medium,live_all
8cfdb681-32cf-4ebf-81f1-5c0839ec82d5,FCM,2,60,forward_line_height,26.4081,meters,tracking-derived,,Tracking & Team Shape,time-series line chart,medium,medium,live_all
8cfdb681-32cf-4ebf-81f1-5c0839ec82d5,FCM,2,60,line_height_gap,22.0365,meters,tracking-derived,,Tracking & Team Shape,time-series line chart,medium,medium,live_all
8cfdb681-32cf-4ebf-81f1-5c0839ec82d5,FCK,2,60,team_width,31.1219,meters,tracking-derived,,Tracking & Team Shape,time-series line chart,high,high,live_all
8cfdb681-32cf-4ebf-81f1-5c0839ec82d5,FCK,2,60,team_depth,28.3055,meters,tracking-derived,,Tracking & Team Shape,time-series line chart,high,high,live_all
8cfdb681-32cf-4ebf-81f1-5c0839ec82d5,FCK,2,60,centroid_x,-18.3921,meters,tracking-derived,,Tracking & Team Shape,time-series line chart,medium,high,live_all
8cfdb681-32cf-4ebf-81f1-5c0839ec82d5,FCK,2,60,centroid_y,-0.3811,meters,tracking-derived,,Tracking & Team Shape,time-series line chart,medium,high,live_all
8cfdb681-32cf-4ebf-81f1-5c0839ec82d5,FCK,2,60,compactness,12.7859,meters,tracking-derived,,Tracking & Team Shape,time-series line chart,high,high,live_all
8cfdb681-32cf-4ebf-81f1-5c0839ec82d5,FCK,2,60,avg_block_height,-18.3921,meters,tracking-derived,,Tracking & Team Shape,time-series line chart,medium,high,live_all
8cfdb681-32cf-4ebf-81f1-5c0839ec82d5,FCK,2,60,defensive_line_height,-26.6533,meters,tracking-derived,,Tracking & Team Shape,time-series line chart,medium,medium,live_all
8cfdb681-32cf-4ebf-81f1-5c0839ec82d5,FCK,2,60,midfield_line_height,-17.235,meters,tracking-derived,,Tracking & Team Shape,time-series line chart,medium,medium,live_all
8cfdb681-32cf-4ebf-81f1-5c0839ec82d5,FCK,2,60,forward_line_height,-8.5341,meters,tracking-derived,,Tracking & Team Shape,time-series line chart,medium,medium,live_all
8cfdb681-32cf-4ebf-81f1-5c0839ec82d5,FCK,2,60,line_height_gap,18.1201,meters,tracking-derived,,Tracking & Team Shape,time-series line chart,medium,medium,live_all
8cfdb681-32cf-4ebf-81f1-5c0839ec82d5,FCM,2,65,team_width,46.9714,meters,tracking-derived,,Tracking & Team Shape,time-series line chart,high,high,live_all
8cfdb681-32cf-4ebf-81f1-5c0839ec82d5,FCM,2,65,team_depth,34.9582,meters,tracking-derived,,Tracking & Team Shape,time-series line chart,high,high,live_all
8cfdb681-32cf-4ebf-81f1-5c0839ec82d5,FCM,2,65,centroid_x,11.2746,meters,tracking-derived,,Tracking & Team Shape,time-series line chart,medium,high,live_all
8cfdb681-32cf-4ebf-81f1-5c0839ec82d5,FCM,2,65,centroid_y,-6.675,meters,tracking-derived,,Tracking & Team Shape,time-series line chart,medium,high,live_all
8cfdb681-32cf-4ebf-81f1-5c0839ec82d5,FCM,2,65,compactness,16.6332,meters,tracking-derived,,Tracking & Team Shape,time-series line chart,high,high,live_all
8cfdb681-32cf-4ebf-81f1-5c0839ec82d5,FCM,2,65,avg_block_height,11.2746,meters,tracking-derived,,Tracking & Team Shape,time-series line chart,medium,high,live_all
8cfdb681-32cf-4ebf-81f1-5c0839ec82d5,FCM,2,65,defensive_line_height,3.5251,meters,tracking-derived,,Tracking & Team Shape,time-series line chart,medium,medium,live_all
8cfdb681-32cf-4ebf-81f1-5c0839ec82d5,FCM,2,65,midfield_line_height,10.7424,meters,tracking-derived,,Tracking & Team Shape,time-series line chart,medium,medium,live_all
8cfdb681-32cf-4ebf-81f1-5c0839ec82d5,FCM,2,65,forward_line_height,23.2272,meters,tracking-derived,,Tracking & Team Shape,time-series line chart,medium,medium,live_all
8cfdb681-32cf-4ebf-81f1-5c0839ec82d5,FCM,2,65,line_height_gap,20.1227,meters,tracking-derived,,Tracking & Team Shape,time-series line chart,medium,medium,live_all
8cfdb681-32cf-4ebf-81f1-5c0839ec82d5,FCK,2,65,team_width,33.4927,meters,tracking-derived,,Tracking & Team Shape,time-series line chart,high,high,live_all
8cfdb681-32cf-4ebf-81f1-5c0839ec82d5,FCK,2,65,team_depth,27.0167,meters,tracking-derived,,Tracking & Team Shape,time-series line chart,high,high,live_all
8cfdb681-32cf-4ebf-81f1-5c0839ec82d5,FCK,2,65,centroid_x,-17.6576,meters,tracking-derived,,Tracking & Team Shape,time-series line chart,medium,high,live_all
8cfdb681-32cf-4ebf-81f1-5c0839ec82d5,FCK,2,65,centroid_y,-6.1389,meters,tracking-derived,,Tracking & Team Shape,time-series line chart,medium,high,live_all
8cfdb681-32cf-4ebf-81f1-5c0839ec82d5,FCK,2,65,compactness,12.4844,meters,tracking-derived,,Tracking & Team Shape,time-series line chart,high,high,live_all
8cfdb681-32cf-4ebf-81f1-5c0839ec82d5,FCK,2,65,avg_block_height,-17.6576,meters,tracking-derived,,Tracking & Team Shape,time-series line chart,medium,high,live_all
8cfdb681-32cf-4ebf-81f1-5c0839ec82d5,FCK,2,65,defensive_line_height,-25.1325,meters,tracking-derived,,Tracking & Team Shape,time-series line chart,medium,medium,live_all
8cfdb681-32cf-4ebf-81f1-5c0839ec82d5,FCK,2,65,midfield_line_height,-15.7244,meters,tracking-derived,,Tracking & Team Shape,time-series line chart,medium,medium,live_all
8cfdb681-32cf-4ebf-81f1-5c0839ec82d5,FCK,2,65,forward_line_height,-9.6244,meters,tracking-derived,,Tracking & Team Shape,time-series line chart,medium,medium,live_all
8cfdb681-32cf-4ebf-81f1-5c0839ec82d5,FCK,2,65,line_height_gap,15.6007,meters,tracking-derived,,Tracking & Team Shape,time-series line chart,medium,medium,live_all
8cfdb681-32cf-4ebf-81f1-5c0839ec82d5,FCM,2,70,team_width,40.8615,meters,tracking-derived,,Tracking & Team Shape,time-series line chart,high,high,live_all
8cfdb681-32cf-4ebf-81f1-5c0839ec82d5,FCM,2,70,team_depth,32.8599,meters,tracking-derived,,Tracking & Team Shape,time-series line chart,high,high,live_all
8cfdb681-32cf-4ebf-81f1-5c0839ec82d5,FCM,2,70,centroid_x,-4.0565,meters,tracking-derived,,Tracking & Team Shape,time-series line chart,medium,high,live_all
8cfdb681-32cf-4ebf-81f1-5c0839ec82d5,FCM,2,70,centroid_y,-0.5827,meters,tracking-derived,,Tracking & Team Shape,time-series line chart,medium,high,live_all
8cfdb681-32cf-4ebf-81f1-5c0839ec82d5,FCM,2,70,compactness,15.6131,meters,tracking-derived,,Tracking & Team Shape,time-series line chart,high,high,live_all
8cfdb681-32cf-4ebf-81f1-5c0839ec82d5,FCM,2,70,avg_block_height,-4.0565,meters,tracking-derived,,Tracking & Team Shape,time-series line chart,medium,high,live_all
8cfdb681-32cf-4ebf-81f1-5c0839ec82d5,FCM,2,70,defensive_line_height,-12.9773,meters,tracking-derived,,Tracking & Team Shape,time-series line chart,medium,medium,live_all
8cfdb681-32cf-4ebf-81f1-5c0839ec82d5,FCM,2,70,midfield_line_height,-5.2094,meters,tracking-derived,,Tracking & Team Shape,time-series line chart,medium,medium,live_all
8cfdb681-32cf-4ebf-81f1-5c0839ec82d5,FCM,2,70,forward_line_height,11.3477,meters,tracking-derived,,Tracking & Team Shape,time-series line chart,medium,medium,live_all
8cfdb681-32cf-4ebf-81f1-5c0839ec82d5,FCM,2,70,line_height_gap,24.9544,meters,tracking-derived,,Tracking & Team Shape,time-series line chart,medium,medium,live_all
8cfdb681-32cf-4ebf-81f1-5c0839ec82d5,FCK,2,70,team_width,41.3274,meters,tracking-derived,,Tracking & Team Shape,time-series line chart,high,high,live_all
8cfdb681-32cf-4ebf-81f1-5c0839ec82d5,FCK,2,70,team_depth,31.4283,meters,tracking-derived,,Tracking & Team Shape,time-series line chart,high,high,live_all
8cfdb681-32cf-4ebf-81f1-5c0839ec82d5,FCK,2,70,centroid_x,-1.1311,meters,tracking-derived,,Tracking & Team Shape,time-series line chart,medium,high,live_all
8cfdb681-32cf-4ebf-81f1-5c0839ec82d5,FCK,2,70,centroid_y,-0.1522,meters,tracking-derived,,Tracking & Team Shape,time-series line chart,medium,high,live_all
8cfdb681-32cf-4ebf-81f1-5c0839ec82d5,FCK,2,70,compactness,15.6747,meters,tracking-derived,,Tracking & Team Shape,time-series line chart,high,high,live_all
8cfdb681-32cf-4ebf-81f1-5c0839ec82d5,FCK,2,70,avg_block_height,-1.1311,meters,tracking-derived,,Tracking & Team Shape,time-series line chart,medium,high,live_all
8cfdb681-32cf-4ebf-81f1-5c0839ec82d5,FCK,2,70,defensive_line_height,-9.9971,meters,tracking-derived,,Tracking & Team Shape,time-series line chart,medium,medium,live_all
8cfdb681-32cf-4ebf-81f1-5c0839ec82d5,FCK,2,70,midfield_line_height,-2.037,meters,tracking-derived,,Tracking & Team Shape,time-series line chart,medium,medium,live_all
8cfdb681-32cf-4ebf-81f1-5c0839ec82d5,FCK,2,70,forward_line_height,11.1157,meters,tracking-derived,,Tracking & Team Shape,time-series line chart,medium,medium,live_all
8cfdb681-32cf-4ebf-81f1-5c0839ec82d5,FCK,2,70,line_height_gap,21.3307,meters,tracking-derived,,Tracking & Team Shape,time-series line chart,medium,medium,live_all
8cfdb681-32cf-4ebf-81f1-5c0839ec82d5,FCM,2,75,team_width,45.2766,meters,tracking-derived,,Tracking & Team Shape,time-series line chart,high,high,live_all
8cfdb681-32cf-4ebf-81f1-5c0839ec82d5,FCM,2,75,team_depth,34.8512,meters,tracking-derived,,Tracking & Team Shape,time-series line chart,high,high,live_all
8cfdb681-32cf-4ebf-81f1-5c0839ec82d5,FCM,2,75,centroid_x,-1.9502,meters,tracking-derived,,Tracking & Team Shape,time-series line chart,medium,high,live_all
8cfdb681-32cf-4ebf-81f1-5c0839ec82d5,FCM,2,75,centroid_y,3.8047,meters,tracking-derived,,Tracking & Team Shape,time-series line chart,medium,high,live_all
8cfdb681-32cf-4ebf-81f1-5c0839ec82d5,FCM,2,75,compactness,16.5064,meters,tracking-derived,,Tracking & Team Shape,time-series line chart,high,high,live_all
8cfdb681-32cf-4ebf-81f1-5c0839ec82d5,FCM,2,75,avg_block_height,-1.9502,meters,tracking-derived,,Tracking & Team Shape,time-series line chart,medium,high,live_all
8cfdb681-32cf-4ebf-81f1-5c0839ec82d5,FCM,2,75,defensive_line_height,-10.7746,meters,tracking-derived,,Tracking & Team Shape,time-series line chart,medium,medium,live_all
8cfdb681-32cf-4ebf-81f1-5c0839ec82d5,FCM,2,75,midfield_line_height,-2.6255,meters,tracking-derived,,Tracking & Team Shape,time-series line chart,medium,medium,live_all
8cfdb681-32cf-4ebf-81f1-5c0839ec82d5,FCM,2,75,forward_line_height,11.687,meters,tracking-derived,,Tracking & Team Shape,time-series line chart,medium,medium,live_all
8cfdb681-32cf-4ebf-81f1-5c0839ec82d5,FCM,2,75,line_height_gap,22.4852,meters,tracking-derived,,Tracking & Team Shape,time-series line chart,medium,medium,live_all
8cfdb681-32cf-4ebf-81f1-5c0839ec82d5,FCK,2,75,team_width,38.0445,meters,tracking-derived,,Tracking & Team Shape,time-series line chart,high,high,live_all
8cfdb681-32cf-4ebf-81f1-5c0839ec82d5,FCK,2,75,team_depth,31.8704,meters,tracking-derived,,Tracking & Team Shape,time-series line chart,high,high,live_all
8cfdb681-32cf-4ebf-81f1-5c0839ec82d5,FCK,2,75,centroid_x,-3.2247,meters,tracking-derived,,Tracking & Team Shape,time-series line chart,medium,high,live_all
8cfdb681-32cf-4ebf-81f1-5c0839ec82d5,FCK,2,75,centroid_y,3.0404,meters,tracking-derived,,Tracking & Team Shape,time-series line chart,medium,high,live_all
8cfdb681-32cf-4ebf-81f1-5c0839ec82d5,FCK,2,75,compactness,15.435,meters,tracking-derived,,Tracking & Team Shape,time-series line chart,high,high,live_all
8cfdb681-32cf-4ebf-81f1-5c0839ec82d5,FCK,2,75,avg_block_height,-3.2247,meters,tracking-derived,,Tracking & Team Shape,time-series line chart,medium,high,live_all
8cfdb681-32cf-4ebf-81f1-5c0839ec82d5,FCK,2,75,defensive_line_height,-13.6359,meters,tracking-derived,,Tracking & Team Shape,time-series line chart,medium,medium,live_all
8cfdb681-32cf-4ebf-81f1-5c0839ec82d5,FCK,2,75,midfield_line_height,-5.2325,meters,tracking-derived,,Tracking & Team Shape,time-series line chart,medium,medium,live_all
8cfdb681-32cf-4ebf-81f1-5c0839ec82d5,FCK,2,75,forward_line_height,8.1616,meters,tracking-derived,,Tracking & Team Shape,time-series line chart,medium,medium,live_all
8cfdb681-32cf-4ebf-81f1-5c0839ec82d5,FCK,2,75,line_height_gap,21.7972,meters,tracking-derived,,Tracking & Team Shape,time-series line chart,medium,medium,live_all
8cfdb681-32cf-4ebf-81f1-5c0839ec82d5,FCM,2,80,team_width,39.0871,meters,tracking-derived,,Tracking & Team Shape,time-series line chart,high,high,live_all
8cfdb681-32cf-4ebf-81f1-5c0839ec82d5,FCM,2,80,team_depth,34.0344,meters,tracking-derived,,Tracking & Team Shape,time-series line chart,high,high,live_all
8cfdb681-32cf-4ebf-81f1-5c0839ec82d5,FCM,2,80,centroid_x,7.2761,meters,tracking-derived,,Tracking & Team Shape,time-series line chart,medium,high,live_all
8cfdb681-32cf-4ebf-81f1-5c0839ec82d5,FCM,2,80,centroid_y,-0.955,meters,tracking-derived,,Tracking & Team Shape,time-series line chart,medium,high,live_all
8cfdb681-32cf-4ebf-81f1-5c0839ec82d5,FCM,2,80,compactness,15.2808,meters,tracking-derived,,Tracking & Team Shape,time-series line chart,high,high,live_all
8cfdb681-32cf-4ebf-81f1-5c0839ec82d5,FCM,2,80,avg_block_height,7.2761,meters,tracking-derived,,Tracking & Team Shape,time-series line chart,medium,high,live_all
8cfdb681-32cf-4ebf-81f1-5c0839ec82d5,FCM,2,80,defensive_line_height,-2.3709,meters,tracking-derived,,Tracking & Team Shape,time-series line chart,medium,medium,live_all
8cfdb681-32cf-4ebf-81f1-5c0839ec82d5,FCM,2,80,midfield_line_height,8.0288,meters,tracking-derived,,Tracking & Team Shape,time-series line chart,medium,medium,live_all
8cfdb681-32cf-4ebf-81f1-5c0839ec82d5,FCM,2,80,forward_line_height,22.5661,meters,tracking-derived,,Tracking & Team Shape,time-series line chart,medium,medium,live_all
8cfdb681-32cf-4ebf-81f1-5c0839ec82d5,FCM,2,80,line_height_gap,24.9293,meters,tracking-derived,,Tracking & Team Shape,time-series line chart,medium,medium,live_all
8cfdb681-32cf-4ebf-81f1-5c0839ec82d5,FCK,2,80,team_width,34.7047,meters,tracking-derived,,Tracking & Team Shape,time-series line chart,high,high,live_all
8cfdb681-32cf-4ebf-81f1-5c0839ec82d5,FCK,2,80,team_depth,33.2096,meters,tracking-derived,,Tracking & Team Shape,time-series line chart,high,high,live_all
8cfdb681-32cf-4ebf-81f1-5c0839ec82d5,FCK,2,80,centroid_x,-12.9558,meters,tracking-derived,,Tracking & Team Shape,time-series line chart,medium,high,live_all
8cfdb681-32cf-4ebf-81f1-5c0839ec82d5,FCK,2,80,centroid_y,-0.9278,meters,tracking-derived,,Tracking & Team Shape,time-series line chart,medium,high,live_all
8cfdb681-32cf-4ebf-81f1-5c0839ec82d5,FCK,2,80,compactness,14.2032,meters,tracking-derived,,Tracking & Team Shape,time-series line chart,high,high,live_all
8cfdb681-32cf-4ebf-81f1-5c0839ec82d5,FCK,2,80,avg_block_height,-12.9558,meters,tracking-derived,,Tracking & Team Shape,time-series line chart,medium,high,live_all
8cfdb681-32cf-4ebf-81f1-5c0839ec82d5,FCK,2,80,defensive_line_height,-24.9399,meters,tracking-derived,,Tracking & Team Shape,time-series line chart,medium,medium,live_all
8cfdb681-32cf-4ebf-81f1-5c0839ec82d5,FCK,2,80,midfield_line_height,-16.453,meters,tracking-derived,,Tracking & Team Shape,time-series line chart,medium,medium,live_all
8cfdb681-32cf-4ebf-81f1-5c0839ec82d5,FCK,2,80,forward_line_height,-2.1054,meters,tracking-derived,,Tracking & Team Shape,time-series line chart,medium,medium,live_all
8cfdb681-32cf-4ebf-81f1-5c0839ec82d5,FCK,2,80,line_height_gap,22.882,meters,tracking-derived,,Tracking & Team Shape,time-series line chart,medium,medium,live_all
8cfdb681-32cf-4ebf-81f1-5c0839ec82d5,FCM,2,85,team_width,38.6382,meters,tracking-derived,,Tracking & Team Shape,time-series line chart,high,high,live_all
8cfdb681-32cf-4ebf-81f1-5c0839ec82d5,FCM,2,85,team_depth,30.8951,meters,tracking-derived,,Tracking & Team Shape,time-series line chart,high,high,live_all
8cfdb681-32cf-4ebf-81f1-5c0839ec82d5,FCM,2,85,centroid_x,-12.0243,meters,tracking-derived,,Tracking & Team Shape,time-series line chart,medium,high,live_all
8cfdb681-32cf-4ebf-81f1-5c0839ec82d5,FCM,2,85,centroid_y,-3.5912,meters,tracking-derived,,Tracking & Team Shape,time-series line chart,medium,high,live_all
8cfdb681-32cf-4ebf-81f1-5c0839ec82d5,FCM,2,85,compactness,14.3745,meters,tracking-derived,,Tracking & Team Shape,time-series line chart,high,high,live_all
8cfdb681-32cf-4ebf-81f1-5c0839ec82d5,FCM,2,85,avg_block_height,-12.0243,meters,tracking-derived,,Tracking & Team Shape,time-series line chart,medium,high,live_all
8cfdb681-32cf-4ebf-81f1-5c0839ec82d5,FCM,2,85,defensive_line_height,-21.3275,meters,tracking-derived,,Tracking & Team Shape,time-series line chart,medium,medium,live_all
8cfdb681-32cf-4ebf-81f1-5c0839ec82d5,FCM,2,85,midfield_line_height,-9.7805,meters,tracking-derived,,Tracking & Team Shape,time-series line chart,medium,medium,live_all
8cfdb681-32cf-4ebf-81f1-5c0839ec82d5,FCM,2,85,forward_line_height,2.5328,meters,tracking-derived,,Tracking & Team Shape,time-series line chart,medium,medium,live_all
8cfdb681-32cf-4ebf-81f1-5c0839ec82d5,FCM,2,85,line_height_gap,17.8378,meters,tracking-derived,,Tracking & Team Shape,time-series line chart,medium,medium,live_all
8cfdb681-32cf-4ebf-81f1-5c0839ec82d5,FCK,2,85,team_width,39.5266,meters,tracking-derived,,Tracking & Team Shape,time-series line chart,high,high,live_all
8cfdb681-32cf-4ebf-81f1-5c0839ec82d5,FCK,2,85,team_depth,33.7899,meters,tracking-derived,,Tracking & Team Shape,time-series line chart,high,high,live_all
8cfdb681-32cf-4ebf-81f1-5c0839ec82d5,FCK,2,85,centroid_x,6.3145,meters,tracking-derived,,Tracking & Team Shape,time-series line chart,medium,high,live_all
8cfdb681-32cf-4ebf-81f1-5c0839ec82d5,FCK,2,85,centroid_y,-4.0252,meters,tracking-derived,,Tracking & Team Shape,time-series line chart,medium,high,live_all
8cfdb681-32cf-4ebf-81f1-5c0839ec82d5,FCK,2,85,compactness,15.438,meters,tracking-derived,,Tracking & Team Shape,time-series line chart,high,high,live_all
8cfdb681-32cf-4ebf-81f1-5c0839ec82d5,FCK,2,85,avg_block_height,6.3145,meters,tracking-derived,,Tracking & Team Shape,time-series line chart,medium,high,live_all
8cfdb681-32cf-4ebf-81f1-5c0839ec82d5,FCK,2,85,defensive_line_height,-9.6305,meters,tracking-derived,,Tracking & Team Shape,time-series line chart,medium,medium,live_all
8cfdb681-32cf-4ebf-81f1-5c0839ec82d5,FCK,2,85,midfield_line_height,1.9205,meters,tracking-derived,,Tracking & Team Shape,time-series line chart,medium,medium,live_all
8cfdb681-32cf-4ebf-81f1-5c0839ec82d5,FCK,2,85,forward_line_height,19.1871,meters,tracking-derived,,Tracking & Team Shape,time-series line chart,medium,medium,live_all
8cfdb681-32cf-4ebf-81f1-5c0839ec82d5,FCK,2,85,line_height_gap,28.811,meters,tracking-derived,,Tracking & Team Shape,time-series line chart,medium,medium,live_all
8cfdb681-32cf-4ebf-81f1-5c0839ec82d5,FCM,2,90,team_width,37.2897,meters,tracking-derived,,Tracking & Team Shape,time-series line chart,high,high,live_all
8cfdb681-32cf-4ebf-81f1-5c0839ec82d5,FCM,2,90,team_depth,30.0769,meters,tracking-derived,,Tracking & Team Shape,time-series line chart,high,high,live_all
8cfdb681-32cf-4ebf-81f1-5c0839ec82d5,FCM,2,90,centroid_x,-15.7544,meters,tracking-derived,,Tracking & Team Shape,time-series line chart,medium,high,live_all
8cfdb681-32cf-4ebf-81f1-5c0839ec82d5,FCM,2,90,centroid_y,-1.3907,meters,tracking-derived,,Tracking & Team Shape,time-series line chart,medium,high,live_all
8cfdb681-32cf-4ebf-81f1-5c0839ec82d5,FCM,2,90,compactness,13.7969,meters,tracking-derived,,Tracking & Team Shape,time-series line chart,high,high,live_all
8cfdb681-32cf-4ebf-81f1-5c0839ec82d5,FCM,2,90,avg_block_height,-15.7544,meters,tracking-derived,,Tracking & Team Shape,time-series line chart,medium,high,live_all
8cfdb681-32cf-4ebf-81f1-5c0839ec82d5,FCM,2,90,defensive_line_height,-22.7575,meters,tracking-derived,,Tracking & Team Shape,time-series line chart,medium,medium,live_all
8cfdb681-32cf-4ebf-81f1-5c0839ec82d5,FCM,2,90,midfield_line_height,-15.0287,meters,tracking-derived,,Tracking & Team Shape,time-series line chart,medium,medium,live_all
8cfdb681-32cf-4ebf-81f1-5c0839ec82d5,FCM,2,90,forward_line_height,0,meters,tracking-derived,,Tracking & Team Shape,time-series line chart,medium,medium,live_all
8cfdb681-32cf-4ebf-81f1-5c0839ec82d5,FCM,2,90,line_height_gap,7.7256,meters,tracking-derived,,Tracking & Team Shape,time-series line chart,medium,medium,live_all
8cfdb681-32cf-4ebf-81f1-5c0839ec82d5,FCK,2,90,team_width,41.4664,meters,tracking-derived,,Tracking & Team Shape,time-series line chart,high,high,live_all
8cfdb681-32cf-4ebf-81f1-5c0839ec82d5,FCK,2,90,team_depth,33.2744,meters,tracking-derived,,Tracking & Team Shape,time-series line chart,high,high,live_all
8cfdb681-32cf-4ebf-81f1-5c0839ec82d5,FCK,2,90,centroid_x,10.6488,meters,tracking-derived,,Tracking & Team Shape,time-series line chart,medium,high,live_all
8cfdb681-32cf-4ebf-81f1-5c0839ec82d5,FCK,2,90,centroid_y,-2.5088,meters,tracking-derived,,Tracking & Team Shape,time-series line chart,medium,high,live_all
8cfdb681-32cf-4ebf-81f1-5c0839ec82d5,FCK,2,90,compactness,15.5369,meters,tracking-derived,,Tracking & Team Shape,time-series line chart,high,high,live_all
8cfdb681-32cf-4ebf-81f1-5c0839ec82d5,FCK,2,90,avg_block_height,10.6488,meters,tracking-derived,,Tracking & Team Shape,time-series line chart,medium,high,live_all
8cfdb681-32cf-4ebf-81f1-5c0839ec82d5,FCK,2,90,defensive_line_height,-6.327,meters,tracking-derived,,Tracking & Team Shape,time-series line chart,medium,medium,live_all
8cfdb681-32cf-4ebf-81f1-5c0839ec82d5,FCK,2,90,midfield_line_height,12.5263,meters,tracking-derived,,Tracking & Team Shape,time-series line chart,medium,medium,live_all
8cfdb681-32cf-4ebf-81f1-5c0839ec82d5,FCK,2,90,forward_line_height,23.3567,meters,tracking-derived,,Tracking & Team Shape,time-series line chart,medium,medium,live_all
8cfdb681-32cf-4ebf-81f1-5c0839ec82d5,FCK,2,90,line_height_gap,29.8659,meters,tracking-derived,,Tracking & Team Shape,time-series line chart,medium,medium,live_all
8cfdb681-32cf-4ebf-81f1-5c0839ec82d5,FCM,2,95,team_width,30.36,meters,tracking-derived,,Tracking & Team Shape,time-series line chart,high,high,live_all
8cfdb681-32cf-4ebf-81f1-5c0839ec82d5,FCM,2,95,team_depth,21.7001,meters,tracking-derived,,Tracking & Team Shape,time-series line chart,high,high,live_all
8cfdb681-32cf-4ebf-81f1-5c0839ec82d5,FCM,2,95,centroid_x,-26.9255,meters,tracking-derived,,Tracking & Team Shape,time-series line chart,medium,high,live_all
8cfdb681-32cf-4ebf-81f1-5c0839ec82d5,FCM,2,95,centroid_y,0.9409,meters,tracking-derived,,Tracking & Team Shape,time-series line chart,medium,high,live_all
8cfdb681-32cf-4ebf-81f1-5c0839ec82d5,FCM,2,95,compactness,9.2695,meters,tracking-derived,,Tracking & Team Shape,time-series line chart,high,high,live_all
8cfdb681-32cf-4ebf-81f1-5c0839ec82d5,FCM,2,95,avg_block_height,-26.9255,meters,tracking-derived,,Tracking & Team Shape,time-series line chart,medium,high,live_all
8cfdb681-32cf-4ebf-81f1-5c0839ec82d5,FCM,2,95,defensive_line_height,-31.2756,meters,tracking-derived,,Tracking & Team Shape,time-series line chart,medium,medium,live_all
8cfdb681-32cf-4ebf-81f1-5c0839ec82d5,FCM,2,95,midfield_line_height,-27.0991,meters,tracking-derived,,Tracking & Team Shape,time-series line chart,medium,medium,live_all
8cfdb681-32cf-4ebf-81f1-5c0839ec82d5,FCM,2,95,forward_line_height,0,meters,tracking-derived,,Tracking & Team Shape,time-series line chart,medium,medium,live_all
8cfdb681-32cf-4ebf-81f1-5c0839ec82d5,FCM,2,95,line_height_gap,4.1765,meters,tracking-derived,,Tracking & Team Shape,time-series line chart,medium,medium,live_all
8cfdb681-32cf-4ebf-81f1-5c0839ec82d5,FCK,2,95,team_width,28.0772,meters,tracking-derived,,Tracking & Team Shape,time-series line chart,high,high,live_all
8cfdb681-32cf-4ebf-81f1-5c0839ec82d5,FCK,2,95,team_depth,33.5969,meters,tracking-derived,,Tracking & Team Shape,time-series line chart,high,high,live_all
8cfdb681-32cf-4ebf-81f1-5c0839ec82d5,FCK,2,95,centroid_x,23.2033,meters,tracking-derived,,Tracking & Team Shape,time-series line chart,medium,high,live_all
8cfdb681-32cf-4ebf-81f1-5c0839ec82d5,FCK,2,95,centroid_y,1.036,meters,tracking-derived,,Tracking & Team Shape,time-series line chart,medium,high,live_all
8cfdb681-32cf-4ebf-81f1-5c0839ec82d5,FCK,2,95,compactness,12.7718,meters,tracking-derived,,Tracking & Team Shape,time-series line chart,high,high,live_all
8cfdb681-32cf-4ebf-81f1-5c0839ec82d5,FCK,2,95,avg_block_height,23.2033,meters,tracking-derived,,Tracking & Team Shape,time-series line chart,medium,high,live_all
8cfdb681-32cf-4ebf-81f1-5c0839ec82d5,FCK,2,95,defensive_line_height,11.4021,meters,tracking-derived,,Tracking & Team Shape,time-series line chart,medium,medium,live_all
8cfdb681-32cf-4ebf-81f1-5c0839ec82d5,FCK,2,95,midfield_line_height,16.9062,meters,tracking-derived,,Tracking & Team Shape,time-series line chart,medium,medium,live_all
8cfdb681-32cf-4ebf-81f1-5c0839ec82d5,FCK,2,95,forward_line_height,40.8507,meters,tracking-derived,,Tracking & Team Shape,time-series line chart,medium,medium,live_all
8cfdb681-32cf-4ebf-81f1-5c0839ec82d5,FCK,2,95,line_height_gap,29.682,meters,tracking-derived,,Tracking & Team Shape,time-series line chart,medium,medium,live_all
