match_id,team,player_id,player_name,metric_name,metric_value,metric_unit,interpretation_label,insight_text,dashboard_section,recommended_chart_type,priority_level,confidence_level
8cfdb681-32cf-4ebf-81f1-5c0839ec82d5,FCM,57513,J. Lossl,minutes_played,0,minutes,tracking-derived,,Player Impact,ranked bar chart,medium,high
8cfdb681-32cf-4ebf-81f1-5c0839ec82d5,FCM,57513,J. Lossl,live_minutes,0,minutes,tracking-derived,,Player Impact,ranked bar chart,medium,high
8cfdb681-32cf-4ebf-81f1-5c0839ec82d5,FCM,57513,J. Lossl,distance_covered_m,0,meters,tracking-derived,,Player Impact,ranked bar chart,medium,medium
8cfdb681-32cf-4ebf-81f1-5c0839ec82d5,FCM,57513,J. Lossl,high_speed_distance_m,0,meters,tracking-derived,,Player Impact,ranked bar chart,medium,medium
8cfdb681-32cf-4ebf-81f1-5c0839ec82d5,FCM,57513,J. Lossl,sprint_distance_m,0,meters,tracking-derived,,Player Impact,ranked bar chart,medium,medium
8cfdb681-32cf-4ebf-81f1-5c0839ec82d5,FCM,57513,J. Lossl,max_speed_kmh,0,km/h,tracking-derived,,Player Impact,ranked bar chart,medium,high
8cfdb681-32cf-4ebf-81f1-5c0839ec82d5,FCM,57513,J. Lossl,avg_speed_kmh,0,km/h,tracking-derived,,Player Impact,ranked bar chart,medium,high
8cfdb681-32cf-4ebf-81f1-5c0839ec82d5,FCK,68640,T. Delaney,minutes_played,96.5733,minutes,tracking-derived,,Player Impact,ranked bar chart,medium,high
8cfdb681-32cf-4ebf-81f1-5c0839ec82d5,FCK,68640,T. Delaney,live_minutes,48.3013,minutes,tracking-derived,,Player Impact,ranked bar chart,medium,high
8cfdb681-32cf-4ebf-81f1-5c0839ec82d5,FCK,68640,T. Delaney,distance_covered_m,7894.9736,meters,tracking-derived,,Player Impact,ranked bar chart,medium,medium
8cfdb681-32cf-4ebf-81f1-5c0839ec82d5,FCK,68640,T. Delaney,high_speed_distance_m,722.0456,meters,tracking-derived,,Player Impact,ranked bar chart,medium,medium
8cfdb681-32cf-4ebf-81f1-5c0839ec82d5,FCK,68640,T. Delaney,sprint_distance_m,170.6504,meters,tracking-derived,,Player Impact,ranked bar chart,medium,medium
8cfdb681-32cf-4ebf-81f1-5c0839ec82d5,FCK,68640,T. Delaney,max_speed_kmh,31.104,km/h,tracking-derived,,Player Impact,ranked bar chart,medium,high
8cfdb681-32cf-4ebf-81f1-5c0839ec82d5,FCK,68640,T. Delaney,avg_speed_kmh,9.8071,km/h,tracking-derived,,Player Impact,ranked bar chart,medium,high
8cfdb681-32cf-4ebf-81f1-5c0839ec82d5,FCK,96787,M. Elyounoussi,minutes_played,87.2593,minutes,tracking-derived,,Player Impact,ranked bar chart,medium,high
8cfdb681-32cf-4ebf-81f1-5c0839ec82d5,FCK,96787,M. Elyounoussi,live_minutes,43.4507,minutes,tracking-derived,,Player Impact,ranked bar chart,medium,high
8cfdb681-32cf-4ebf-81f1-5c0839ec82d5,FCK,96787,M. Elyounoussi,distance_covered_m,6985.2792,meters,tracking-derived,,Player Impact,ranked bar chart,medium,medium
8cfdb681-32cf-4ebf-81f1-5c0839ec82d5,FCK,96787,M. Elyounoussi,high_speed_distance_m,1082.676,meters,tracking-derived,,Player Impact,ranked bar chart,medium,medium
8cfdb681-32cf-4ebf-81f1-5c0839ec82d5,FCK,96787,M. Elyounoussi,sprint_distance_m,287.8788,meters,tracking-derived,,Player Impact,ranked bar chart,medium,medium
8cfdb681-32cf-4ebf-81f1-5c0839ec82d5,FCK,96787,M. Elyounoussi,max_speed_kmh,31.212,km/h,tracking-derived,,Player Impact,ranked bar chart,medium,high
8cfdb681-32cf-4ebf-81f1-5c0839ec82d5,FCK,96787,M. Elyounoussi,avg_speed_kmh,9.6458,km/h,tracking-derived,,Player Impact,ranked bar chart,medium,high
8cfdb681-32cf-4ebf-81f1-5c0839ec82d5,FCK,111756,V. Claesson,minutes_played,12.674,minutes,tracking-derived,,Player Impact,ranked bar chart,medium,high
8cfdb681-32cf-4ebf-81f1-5c0839ec82d5,FCK,111756,V. Claesson,live_minutes,6.392,minutes,tracking-derived,,Player Impact,ranked bar chart,medium,high
8cfdb681-32cf-4ebf-81f1-5c0839ec82d5,FCK,111756,V. Claesson,distance_covered_m,1167.8524,meters,tracking-derived,,Player Impact,ranked bar chart,medium,medium
8cfdb681-32cf-4ebf-81f1-5c0839ec82d5,FCK,111756,V. Claesson,high_speed_distance_m,130.094,meters,tracking-derived,,Player Impact,ranked bar chart,medium,medium
8cfdb681-32cf-4ebf-81f1-5c0839ec82d5,FCK,111756,V. Claesson,sprint_distance_m,3.3864,meters,tracking-derived,,Player Impact,ranked bar chart,medium,medium
8cfdb681-32cf-4ebf-81f1-5c0839ec82d5,FCK,111756,V. Claesson,max_speed_kmh,25.668,km/h,tracking-derived,,Player Impact,ranked bar chart,medium,high
8cfdb681-32cf-4ebf-81f1-5c0839ec82d5,FCK,111756,V. Claesson,avg_speed_kmh,10.9624,km/h,tracking-derived,,Player Impact,ranked bar chart,medium,high
8cfdb681-32cf-4ebf-81f1-5c0839ec82d5,FCK,114517,A. Cornelius,minutes_played,22.914,minutes,tracking-derived,,Player Impact,ranked bar chart,medium,high
8cfdb681-32cf-4ebf-81f1-5c0839ec82d5,FCK,114517,A. Cornelius,live_minutes,10.4647,minutes,tracking-derived,,Player Impact,ranked bar chart,medium,high
8cfdb681-32cf-4ebf-81f1-5c0839ec82d5,FCK,114517,A. Cornelius,distance_covered_m,1523.3068,meters,tracking-derived,,Player Impact,ranked bar chart,medium,medium
8cfdb681-32cf-4ebf-81f1-5c0839ec82d5,FCK,114517,A. Cornelius,high_speed_distance_m,164.3652,meters,tracking-derived,,Player Impact,ranked bar chart,medium,medium
8cfdb681-32cf-4ebf-81f1-5c0839ec82d5,FCK,114517,A. Cornelius,sprint_distance_m,31.9848,meters,tracking-derived,,Player Impact,ranked bar chart,medium,medium
8cfdb681-32cf-4ebf-81f1-5c0839ec82d5,FCK,114517,A. Cornelius,max_speed_kmh,29.232,km/h,tracking-derived,,Player Impact,ranked bar chart,medium,high
8cfdb681-32cf-4ebf-81f1-5c0839ec82d5,FCK,114517,A. Cornelius,avg_speed_kmh,8.734,km/h,tracking-derived,,Player Impact,ranked bar chart,medium,high
8cfdb681-32cf-4ebf-81f1-5c0839ec82d5,FCK,115918,R. Runarsson,minutes_played,0,minutes,tracking-derived,,Player Impact,ranked bar chart,medium,high
8cfdb681-32cf-4ebf-81f1-5c0839ec82d5,FCK,115918,R. Runarsson,live_minutes,0,minutes,tracking-derived,,Player Impact,ranked bar chart,medium,high
8cfdb681-32cf-4ebf-81f1-5c0839ec82d5,FCK,115918,R. Runarsson,distance_covered_m,0,meters,tracking-derived,,Player Impact,ranked bar chart,medium,medium
8cfdb681-32cf-4ebf-81f1-5c0839ec82d5,FCK,115918,R. Runarsson,high_speed_distance_m,0,meters,tracking-derived,,Player Impact,ranked bar chart,medium,medium
8cfdb681-32cf-4ebf-81f1-5c0839ec82d5,FCK,115918,R. Runarsson,sprint_distance_m,0,meters,tracking-derived,,Player Impact,ranked bar chart,medium,medium
8cfdb681-32cf-4ebf-81f1-5c0839ec82d5,FCK,115918,R. Runarsson,max_speed_kmh,0,km/h,tracking-derived,,Player Impact,ranked bar chart,medium,high
8cfdb681-32cf-4ebf-81f1-5c0839ec82d5,FCK,115918,R. Runarsson,avg_speed_kmh,0,km/h,tracking-derived,,Player Impact,ranked bar chart,medium,high
8cfdb681-32cf-4ebf-81f1-5c0839ec82d5,FCM,120721,K. Mbabu,minutes_played,96.5733,minutes,tracking-derived,,Player Impact,ranked bar chart,medium,high
8cfdb681-32cf-4ebf-81f1-5c0839ec82d5,FCM,120721,K. Mbabu,live_minutes,48.3013,minutes,tracking-derived,,Player Impact,ranked bar chart,medium,high
8cfdb681-32cf-4ebf-81f1-5c0839ec82d5,FCM,120721,K. Mbabu,distance_covered_m,7011.1568,meters,tracking-derived,,Player Impact,ranked bar chart,medium,medium
8cfdb681-32cf-4ebf-81f1-5c0839ec82d5,FCM,120721,K. Mbabu,high_speed_distance_m,936.8676,meters,tracking-derived,,Player Impact,ranked bar chart,medium,medium
8cfdb681-32cf-4ebf-81f1-5c0839ec82d5,FCM,120721,K. Mbabu,sprint_distance_m,203.1712,meters,tracking-derived,,Player Impact,ranked bar chart,medium,medium
8cfdb681-32cf-4ebf-81f1-5c0839ec82d5,FCM,120721,K. Mbabu,max_speed_kmh,29.844,km/h,tracking-derived,,Player Impact,ranked bar chart,medium,high
8cfdb681-32cf-4ebf-81f1-5c0839ec82d5,FCM,120721,K. Mbabu,avg_speed_kmh,8.7091,km/h,tracking-derived,,Player Impact,ranked bar chart,medium,high
8cfdb681-32cf-4ebf-81f1-5c0839ec82d5,FCK,166965,L. Lerager,minutes_played,96.5733,minutes,tracking-derived,,Player Impact,ranked bar chart,medium,high
8cfdb681-32cf-4ebf-81f1-5c0839ec82d5,FCK,166965,L. Lerager,live_minutes,48.3013,minutes,tracking-derived,,Player Impact,ranked bar chart,medium,high
8cfdb681-32cf-4ebf-81f1-5c0839ec82d5,FCK,166965,L. Lerager,distance_covered_m,7650.6036,meters,tracking-derived,,Player Impact,ranked bar chart,medium,medium
8cfdb681-32cf-4ebf-81f1-5c0839ec82d5,FCK,166965,L. Lerager,high_speed_distance_m,729.2364,meters,tracking-derived,,Player Impact,ranked bar chart,medium,medium
8cfdb681-32cf-4ebf-81f1-5c0839ec82d5,FCK,166965,L. Lerager,sprint_distance_m,224.8596,meters,tracking-derived,,Player Impact,ranked bar chart,medium,medium
8cfdb681-32cf-4ebf-81f1-5c0839ec82d5,FCK,166965,L. Lerager,max_speed_kmh,30.6,km/h,tracking-derived,,Player Impact,ranked bar chart,medium,high
8cfdb681-32cf-4ebf-81f1-5c0839ec82d5,FCK,166965,L. Lerager,avg_speed_kmh,9.5036,km/h,tracking-derived,,Player Impact,ranked bar chart,medium,high
8cfdb681-32cf-4ebf-81f1-5c0839ec82d5,FCK,193228,K. Diks,minutes_played,96.5733,minutes,tracking-derived,,Player Impact,ranked bar chart,medium,high
8cfdb681-32cf-4ebf-81f1-5c0839ec82d5,FCK,193228,K. Diks,live_minutes,48.3013,minutes,tracking-derived,,Player Impact,ranked bar chart,medium,high
8cfdb681-32cf-4ebf-81f1-5c0839ec82d5,FCK,193228,K. Diks,distance_covered_m,6812.5768,meters,tracking-derived,,Player Impact,ranked bar chart,medium,medium
8cfdb681-32cf-4ebf-81f1-5c0839ec82d5,FCK,193228,K. Diks,high_speed_distance_m,665.6736,meters,tracking-derived,,Player Impact,ranked bar chart,medium,medium
8cfdb681-32cf-4ebf-81f1-5c0839ec82d5,FCK,193228,K. Diks,sprint_distance_m,167.8444,meters,tracking-derived,,Player Impact,ranked bar chart,medium,medium
8cfdb681-32cf-4ebf-81f1-5c0839ec82d5,FCK,193228,K. Diks,max_speed_kmh,29.448,km/h,tracking-derived,,Player Impact,ranked bar chart,medium,high
8cfdb681-32cf-4ebf-81f1-5c0839ec82d5,FCK,193228,K. Diks,avg_speed_kmh,8.4625,km/h,tracking-derived,,Player Impact,ranked bar chart,medium,high
8cfdb681-32cf-4ebf-81f1-5c0839ec82d5,FCM,204164,J. Andersson,minutes_played,96.5733,minutes,tracking-derived,,Player Impact,ranked bar chart,medium,high
8cfdb681-32cf-4ebf-81f1-5c0839ec82d5,FCM,204164,J. Andersson,live_minutes,48.3013,minutes,tracking-derived,,Player Impact,ranked bar chart,medium,high
8cfdb681-32cf-4ebf-81f1-5c0839ec82d5,FCM,204164,J. Andersson,distance_covered_m,7438.5288,meters,tracking-derived,,Player Impact,ranked bar chart,medium,medium
8cfdb681-32cf-4ebf-81f1-5c0839ec82d5,FCM,204164,J. Andersson,high_speed_distance_m,1016.7444,meters,tracking-derived,,Player Impact,ranked bar chart,medium,medium
8cfdb681-32cf-4ebf-81f1-5c0839ec82d5,FCM,204164,J. Andersson,sprint_distance_m,223.9364,meters,tracking-derived,,Player Impact,ranked bar chart,medium,medium
8cfdb681-32cf-4ebf-81f1-5c0839ec82d5,FCM,204164,J. Andersson,max_speed_kmh,30.636,km/h,tracking-derived,,Player Impact,ranked bar chart,medium,high
8cfdb681-32cf-4ebf-81f1-5c0839ec82d5,FCM,204164,J. Andersson,avg_speed_kmh,9.2401,km/h,tracking-derived,,Player Impact,ranked bar chart,medium,high
8cfdb681-32cf-4ebf-81f1-5c0839ec82d5,FCK,220246,P. Hatzidiakos,minutes_played,83.8993,minutes,tracking-derived,,Player Impact,ranked bar chart,medium,high
8cfdb681-32cf-4ebf-81f1-5c0839ec82d5,FCK,220246,P. Hatzidiakos,live_minutes,41.9093,minutes,tracking-derived,,Player Impact,ranked bar chart,medium,high
8cfdb681-32cf-4ebf-81f1-5c0839ec82d5,FCK,220246,P. Hatzidiakos,distance_covered_m,5840.7948,meters,tracking-derived,,Player Impact,ranked bar chart,medium,medium
8cfdb681-32cf-4ebf-81f1-5c0839ec82d5,FCK,220246,P. Hatzidiakos,high_speed_distance_m,402.9904,meters,tracking-derived,,Player Impact,ranked bar chart,medium,medium
8cfdb681-32cf-4ebf-81f1-5c0839ec82d5,FCK,220246,P. Hatzidiakos,sprint_distance_m,82.4744,meters,tracking-derived,,Player Impact,ranked bar chart,medium,medium
8cfdb681-32cf-4ebf-81f1-5c0839ec82d5,FCK,220246,P. Hatzidiakos,max_speed_kmh,31.644,km/h,tracking-derived,,Player Impact,ranked bar chart,medium,high
8cfdb681-32cf-4ebf-81f1-5c0839ec82d5,FCK,220246,P. Hatzidiakos,avg_speed_kmh,8.3621,km/h,tracking-derived,,Player Impact,ranked bar chart,medium,high
8cfdb681-32cf-4ebf-81f1-5c0839ec82d5,FCM,228044,M. Bech,minutes_played,96.5733,minutes,tracking-derived,,Player Impact,ranked bar chart,medium,high
8cfdb681-32cf-4ebf-81f1-5c0839ec82d5,FCM,228044,M. Bech,live_minutes,48.3013,minutes,tracking-derived,,Player Impact,ranked bar chart,medium,high
8cfdb681-32cf-4ebf-81f1-5c0839ec82d5,FCM,228044,M. Bech,distance_covered_m,6852.0044,meters,tracking-derived,,Player Impact,ranked bar chart,medium,medium
8cfdb681-32cf-4ebf-81f1-5c0839ec82d5,FCM,228044,M. Bech,high_speed_distance_m,628.7544,meters,tracking-derived,,Player Impact,ranked bar chart,medium,medium
8cfdb681-32cf-4ebf-81f1-5c0839ec82d5,FCM,228044,M. Bech,sprint_distance_m,165.9904,meters,tracking-derived,,Player Impact,ranked bar chart,medium,medium
8cfdb681-32cf-4ebf-81f1-5c0839ec82d5,FCM,228044,M. Bech,max_speed_kmh,31.536,km/h,tracking-derived,,Player Impact,ranked bar chart,medium,high
8cfdb681-32cf-4ebf-81f1-5c0839ec82d5,FCM,228044,M. Bech,avg_speed_kmh,8.5115,km/h,tracking-derived,,Player Impact,ranked bar chart,medium,high
8cfdb681-32cf-4ebf-81f1-5c0839ec82d5,FCK,232398,N. Trott,minutes_played,96.5733,minutes,tracking-derived,,Player Impact,ranked bar chart,medium,high
8cfdb681-32cf-4ebf-81f1-5c0839ec82d5,FCK,232398,N. Trott,live_minutes,48.3013,minutes,tracking-derived,,Player Impact,ranked bar chart,medium,high
8cfdb681-32cf-4ebf-81f1-5c0839ec82d5,FCK,232398,N. Trott,distance_covered_m,3082.4716,meters,tracking-derived,,Player Impact,ranked bar chart,medium,medium
8cfdb681-32cf-4ebf-81f1-5c0839ec82d5,FCK,232398,N. Trott,high_speed_distance_m,16.9336,meters,tracking-derived,,Player Impact,ranked bar chart,medium,medium
8cfdb681-32cf-4ebf-81f1-5c0839ec82d5,FCK,232398,N. Trott,sprint_distance_m,0,meters,tracking-derived,,Player Impact,ranked bar chart,medium,medium
8cfdb681-32cf-4ebf-81f1-5c0839ec82d5,FCK,232398,N. Trott,max_speed_kmh,21.744,km/h,tracking-derived,,Player Impact,ranked bar chart,medium,high
8cfdb681-32cf-4ebf-81f1-5c0839ec82d5,FCK,232398,N. Trott,avg_speed_kmh,3.829,km/h,tracking-derived,,Player Impact,ranked bar chart,medium,high
8cfdb681-32cf-4ebf-81f1-5c0839ec82d5,FCM,240529,J. Kuchta,minutes_played,63.9793,minutes,tracking-derived,,Player Impact,ranked bar chart,medium,high
8cfdb681-32cf-4ebf-81f1-5c0839ec82d5,FCM,240529,J. Kuchta,live_minutes,33.546,minutes,tracking-derived,,Player Impact,ranked bar chart,medium,high
8cfdb681-32cf-4ebf-81f1-5c0839ec82d5,FCM,240529,J. Kuchta,distance_covered_m,5112.8884,meters,tracking-derived,,Player Impact,ranked bar chart,medium,medium
8cfdb681-32cf-4ebf-81f1-5c0839ec82d5,FCM,240529,J. Kuchta,high_speed_distance_m,721.558,meters,tracking-derived,,Player Impact,ranked bar chart,medium,medium
8cfdb681-32cf-4ebf-81f1-5c0839ec82d5,FCM,240529,J. Kuchta,sprint_distance_m,120.7688,meters,tracking-derived,,Player Impact,ranked bar chart,medium,medium
8cfdb681-32cf-4ebf-81f1-5c0839ec82d5,FCM,240529,J. Kuchta,max_speed_kmh,29.736,km/h,tracking-derived,,Player Impact,ranked bar chart,medium,high
8cfdb681-32cf-4ebf-81f1-5c0839ec82d5,FCM,240529,J. Kuchta,avg_speed_kmh,9.1447,km/h,tracking-derived,,Player Impact,ranked bar chart,medium,high
8cfdb681-32cf-4ebf-81f1-5c0839ec82d5,FCM,423651,E. Chilufya,minutes_played,32.594,minutes,tracking-derived,,Player Impact,ranked bar chart,medium,high
8cfdb681-32cf-4ebf-81f1-5c0839ec82d5,FCM,423651,E. Chilufya,live_minutes,14.7553,minutes,tracking-derived,,Player Impact,ranked bar chart,medium,high
8cfdb681-32cf-4ebf-81f1-5c0839ec82d5,FCM,423651,E. Chilufya,distance_covered_m,2435.6408,meters,tracking-derived,,Player Impact,ranked bar chart,medium,medium
8cfdb681-32cf-4ebf-81f1-5c0839ec82d5,FCM,423651,E. Chilufya,high_speed_distance_m,325.9588,meters,tracking-derived,,Player Impact,ranked bar chart,medium,medium
8cfdb681-32cf-4ebf-81f1-5c0839ec82d5,FCM,423651,E. Chilufya,sprint_distance_m,176.6508,meters,tracking-derived,,Player Impact,ranked bar chart,medium,medium
8cfdb681-32cf-4ebf-81f1-5c0839ec82d5,FCM,423651,E. Chilufya,max_speed_kmh,33.552,km/h,tracking-derived,,Player Impact,ranked bar chart,medium,high
8cfdb681-32cf-4ebf-81f1-5c0839ec82d5,FCM,423651,E. Chilufya,avg_speed_kmh,9.904,km/h,tracking-derived,,Player Impact,ranked bar chart,medium,high
8cfdb681-32cf-4ebf-81f1-5c0839ec82d5,FCM,430901,E. Olafsson,minutes_played,96.5733,minutes,tracking-derived,,Player Impact,ranked bar chart,medium,high
8cfdb681-32cf-4ebf-81f1-5c0839ec82d5,FCM,430901,E. Olafsson,live_minutes,48.3013,minutes,tracking-derived,,Player Impact,ranked bar chart,medium,high
8cfdb681-32cf-4ebf-81f1-5c0839ec82d5,FCM,430901,E. Olafsson,distance_covered_m,3501.5136,meters,tracking-derived,,Player Impact,ranked bar chart,medium,medium
8cfdb681-32cf-4ebf-81f1-5c0839ec82d5,FCM,430901,E. Olafsson,high_speed_distance_m,18.3476,meters,tracking-derived,,Player Impact,ranked bar chart,medium,medium
8cfdb681-32cf-4ebf-81f1-5c0839ec82d5,FCM,430901,E. Olafsson,sprint_distance_m,0,meters,tracking-derived,,Player Impact,ranked bar chart,medium,medium
8cfdb681-32cf-4ebf-81f1-5c0839ec82d5,FCM,430901,E. Olafsson,max_speed_kmh,22.86,km/h,tracking-derived,,Player Impact,ranked bar chart,medium,high
8cfdb681-32cf-4ebf-81f1-5c0839ec82d5,FCM,430901,E. Olafsson,avg_speed_kmh,4.3495,km/h,tracking-derived,,Player Impact,ranked bar chart,medium,high
8cfdb681-32cf-4ebf-81f1-5c0839ec82d5,FCK,433957,M. Mattsson,minutes_played,73.6593,minutes,tracking-derived,,Player Impact,ranked bar chart,medium,high
8cfdb681-32cf-4ebf-81f1-5c0839ec82d5,FCK,433957,M. Mattsson,live_minutes,37.8367,minutes,tracking-derived,,Player Impact,ranked bar chart,medium,high
8cfdb681-32cf-4ebf-81f1-5c0839ec82d5,FCK,433957,M. Mattsson,distance_covered_m,6775.678,meters,tracking-derived,,Player Impact,ranked bar chart,medium,medium
8cfdb681-32cf-4ebf-81f1-5c0839ec82d5,FCK,433957,M. Mattsson,high_speed_distance_m,1237.7524,meters,tracking-derived,,Player Impact,ranked bar chart,medium,medium
8cfdb681-32cf-4ebf-81f1-5c0839ec82d5,FCK,433957,M. Mattsson,sprint_distance_m,370.1748,meters,tracking-derived,,Player Impact,ranked bar chart,medium,medium
8cfdb681-32cf-4ebf-81f1-5c0839ec82d5,FCK,433957,M. Mattsson,max_speed_kmh,30.744,km/h,tracking-derived,,Player Impact,ranked bar chart,medium,high
8cfdb681-32cf-4ebf-81f1-5c0839ec82d5,FCK,433957,M. Mattsson,avg_speed_kmh,10.7446,km/h,tracking-derived,,Player Impact,ranked bar chart,medium,high
8cfdb681-32cf-4ebf-81f1-5c0839ec82d5,FCM,450048,K. Askildsen,minutes_played,0,minutes,tracking-derived,,Player Impact,ranked bar chart,medium,high
8cfdb681-32cf-4ebf-81f1-5c0839ec82d5,FCM,450048,K. Askildsen,live_minutes,0,minutes,tracking-derived,,Player Impact,ranked bar chart,medium,high
8cfdb681-32cf-4ebf-81f1-5c0839ec82d5,FCM,450048,K. Askildsen,distance_covered_m,0,meters,tracking-derived,,Player Impact,ranked bar chart,medium,medium
8cfdb681-32cf-4ebf-81f1-5c0839ec82d5,FCM,450048,K. Askildsen,high_speed_distance_m,0,meters,tracking-derived,,Player Impact,ranked bar chart,medium,medium
8cfdb681-32cf-4ebf-81f1-5c0839ec82d5,FCM,450048,K. Askildsen,sprint_distance_m,0,meters,tracking-derived,,Player Impact,ranked bar chart,medium,medium
8cfdb681-32cf-4ebf-81f1-5c0839ec82d5,FCM,450048,K. Askildsen,max_speed_kmh,0,km/h,tracking-derived,,Player Impact,ranked bar chart,medium,high
8cfdb681-32cf-4ebf-81f1-5c0839ec82d5,FCM,450048,K. Askildsen,avg_speed_kmh,0,km/h,tracking-derived,,Player Impact,ranked bar chart,medium,high
8cfdb681-32cf-4ebf-81f1-5c0839ec82d5,FCK,457214,G. Onugkha,minutes_played,96.5733,minutes,tracking-derived,,Player Impact,ranked bar chart,medium,high
8cfdb681-32cf-4ebf-81f1-5c0839ec82d5,FCK,457214,G. Onugkha,live_minutes,48.3013,minutes,tracking-derived,,Player Impact,ranked bar chart,medium,high
8cfdb681-32cf-4ebf-81f1-5c0839ec82d5,FCK,457214,G. Onugkha,distance_covered_m,6781.1616,meters,tracking-derived,,Player Impact,ranked bar chart,medium,medium
8cfdb681-32cf-4ebf-81f1-5c0839ec82d5,FCK,457214,G. Onugkha,high_speed_distance_m,856.312,meters,tracking-derived,,Player Impact,ranked bar chart,medium,medium
8cfdb681-32cf-4ebf-81f1-5c0839ec82d5,FCK,457214,G. Onugkha,sprint_distance_m,347.4704,meters,tracking-derived,,Player Impact,ranked bar chart,medium,medium
8cfdb681-32cf-4ebf-81f1-5c0839ec82d5,FCK,457214,G. Onugkha,max_speed_kmh,32.22,km/h,tracking-derived,,Player Impact,ranked bar chart,medium,high
8cfdb681-32cf-4ebf-81f1-5c0839ec82d5,FCK,457214,G. Onugkha,avg_speed_kmh,8.4236,km/h,tracking-derived,,Player Impact,ranked bar chart,medium,high
8cfdb681-32cf-4ebf-81f1-5c0839ec82d5,FCM,474838,E. Martinez,minutes_played,96.5733,minutes,tracking-derived,,Player Impact,ranked bar chart,medium,high
8cfdb681-32cf-4ebf-81f1-5c0839ec82d5,FCM,474838,E. Martinez,live_minutes,48.3013,minutes,tracking-derived,,Player Impact,ranked bar chart,medium,high
8cfdb681-32cf-4ebf-81f1-5c0839ec82d5,FCM,474838,E. Martinez,distance_covered_m,7900.7796,meters,tracking-derived,,Player Impact,ranked bar chart,medium,medium
8cfdb681-32cf-4ebf-81f1-5c0839ec82d5,FCM,474838,E. Martinez,high_speed_distance_m,723.0192,meters,tracking-derived,,Player Impact,ranked bar chart,medium,medium
8cfdb681-32cf-4ebf-81f1-5c0839ec82d5,FCM,474838,E. Martinez,sprint_distance_m,103.1972,meters,tracking-derived,,Player Impact,ranked bar chart,medium,medium
8cfdb681-32cf-4ebf-81f1-5c0839ec82d5,FCM,474838,E. Martinez,max_speed_kmh,32.508,km/h,tracking-derived,,Player Impact,ranked bar chart,medium,high
8cfdb681-32cf-4ebf-81f1-5c0839ec82d5,FCM,474838,E. Martinez,avg_speed_kmh,9.8143,km/h,tracking-derived,,Player Impact,ranked bar chart,medium,high
8cfdb681-32cf-4ebf-81f1-5c0839ec82d5,FCK,475413,Gabriel Pereira,minutes_played,96.5733,minutes,tracking-derived,,Player Impact,ranked bar chart,medium,high
8cfdb681-32cf-4ebf-81f1-5c0839ec82d5,FCK,475413,Gabriel Pereira,live_minutes,48.3013,minutes,tracking-derived,,Player Impact,ranked bar chart,medium,high
8cfdb681-32cf-4ebf-81f1-5c0839ec82d5,FCK,475413,Gabriel Pereira,distance_covered_m,6987.1484,meters,tracking-derived,,Player Impact,ranked bar chart,medium,medium
8cfdb681-32cf-4ebf-81f1-5c0839ec82d5,FCK,475413,Gabriel Pereira,high_speed_distance_m,645.5876,meters,tracking-derived,,Player Impact,ranked bar chart,medium,medium
8cfdb681-32cf-4ebf-81f1-5c0839ec82d5,FCK,475413,Gabriel Pereira,sprint_distance_m,150.874,meters,tracking-derived,,Player Impact,ranked bar chart,medium,medium
8cfdb681-32cf-4ebf-81f1-5c0839ec82d5,FCK,475413,Gabriel Pereira,max_speed_kmh,29.736,km/h,tracking-derived,,Player Impact,ranked bar chart,medium,high
8cfdb681-32cf-4ebf-81f1-5c0839ec82d5,FCK,475413,Gabriel Pereira,avg_speed_kmh,8.6796,km/h,tracking-derived,,Player Impact,ranked bar chart,medium,high
8cfdb681-32cf-4ebf-81f1-5c0839ec82d5,FCM,477664,V. Lind,minutes_played,0,minutes,tracking-derived,,Player Impact,ranked bar chart,medium,high
8cfdb681-32cf-4ebf-81f1-5c0839ec82d5,FCM,477664,V. Lind,live_minutes,0,minutes,tracking-derived,,Player Impact,ranked bar chart,medium,high
8cfdb681-32cf-4ebf-81f1-5c0839ec82d5,FCM,477664,V. Lind,distance_covered_m,0,meters,tracking-derived,,Player Impact,ranked bar chart,medium,medium
8cfdb681-32cf-4ebf-81f1-5c0839ec82d5,FCM,477664,V. Lind,high_speed_distance_m,0,meters,tracking-derived,,Player Impact,ranked bar chart,medium,medium
8cfdb681-32cf-4ebf-81f1-5c0839ec82d5,FCM,477664,V. Lind,sprint_distance_m,0,meters,tracking-derived,,Player Impact,ranked bar chart,medium,medium
8cfdb681-32cf-4ebf-81f1-5c0839ec82d5,FCM,477664,V. Lind,max_speed_kmh,0,km/h,tracking-derived,,Player Impact,ranked bar chart,medium,high
8cfdb681-32cf-4ebf-81f1-5c0839ec82d5,FCM,477664,V. Lind,avg_speed_kmh,0,km/h,tracking-derived,,Player Impact,ranked bar chart,medium,high
8cfdb681-32cf-4ebf-81f1-5c0839ec82d5,FCM,477672,A. Simsir,minutes_played,64.0593,minutes,tracking-derived,,Player Impact,ranked bar chart,medium,high
8cfdb681-32cf-4ebf-81f1-5c0839ec82d5,FCM,477672,A. Simsir,live_minutes,33.546,minutes,tracking-derived,,Player Impact,ranked bar chart,medium,high
8cfdb681-32cf-4ebf-81f1-5c0839ec82d5,FCM,477672,A. Simsir,distance_covered_m,4381.6684,meters,tracking-derived,,Player Impact,ranked bar chart,medium,medium
8cfdb681-32cf-4ebf-81f1-5c0839ec82d5,FCM,477672,A. Simsir,high_speed_distance_m,601.584,meters,tracking-derived,,Player Impact,ranked bar chart,medium,medium
8cfdb681-32cf-4ebf-81f1-5c0839ec82d5,FCM,477672,A. Simsir,sprint_distance_m,139.8236,meters,tracking-derived,,Player Impact,ranked bar chart,medium,medium
8cfdb681-32cf-4ebf-81f1-5c0839ec82d5,FCM,477672,A. Simsir,max_speed_kmh,30.42,km/h,tracking-derived,,Player Impact,ranked bar chart,medium,high
8cfdb681-32cf-4ebf-81f1-5c0839ec82d5,FCM,477672,A. Simsir,avg_speed_kmh,7.8368,km/h,tracking-derived,,Player Impact,ranked bar chart,medium,high
8cfdb681-32cf-4ebf-81f1-5c0839ec82d5,FCM,492474,Lee Han-Beom,minutes_played,4.994,minutes,tracking-derived,,Player Impact,ranked bar chart,medium,high
8cfdb681-32cf-4ebf-81f1-5c0839ec82d5,FCM,492474,Lee Han-Beom,live_minutes,2.084,minutes,tracking-derived,,Player Impact,ranked bar chart,medium,high
8cfdb681-32cf-4ebf-81f1-5c0839ec82d5,FCM,492474,Lee Han-Beom,distance_covered_m,275.2768,meters,tracking-derived,,Player Impact,ranked bar chart,medium,medium
8cfdb681-32cf-4ebf-81f1-5c0839ec82d5,FCM,492474,Lee Han-Beom,high_speed_distance_m,0,meters,tracking-derived,,Player Impact,ranked bar chart,medium,medium
8cfdb681-32cf-4ebf-81f1-5c0839ec82d5,FCM,492474,Lee Han-Beom,sprint_distance_m,0,meters,tracking-derived,,Player Impact,ranked bar chart,medium,medium
8cfdb681-32cf-4ebf-81f1-5c0839ec82d5,FCM,492474,Lee Han-Beom,max_speed_kmh,19.656,km/h,tracking-derived,,Player Impact,ranked bar chart,medium,high
8cfdb681-32cf-4ebf-81f1-5c0839ec82d5,FCM,492474,Lee Han-Beom,avg_speed_kmh,7.9254,km/h,tracking-derived,,Player Impact,ranked bar chart,medium,high
8cfdb681-32cf-4ebf-81f1-5c0839ec82d5,FCM,494784,Oliver Sorensen,minutes_played,96.5733,minutes,tracking-derived,,Player Impact,ranked bar chart,medium,high
8cfdb681-32cf-4ebf-81f1-5c0839ec82d5,FCM,494784,Oliver Sorensen,live_minutes,48.3013,minutes,tracking-derived,,Player Impact,ranked bar chart,medium,high
8cfdb681-32cf-4ebf-81f1-5c0839ec82d5,FCM,494784,Oliver Sorensen,distance_covered_m,8972.946,meters,tracking-derived,,Player Impact,ranked bar chart,medium,medium
8cfdb681-32cf-4ebf-81f1-5c0839ec82d5,FCM,494784,Oliver Sorensen,high_speed_distance_m,1748.518,meters,tracking-derived,,Player Impact,ranked bar chart,medium,medium
8cfdb681-32cf-4ebf-81f1-5c0839ec82d5,FCM,494784,Oliver Sorensen,sprint_distance_m,330.5076,meters,tracking-derived,,Player Impact,ranked bar chart,medium,medium
8cfdb681-32cf-4ebf-81f1-5c0839ec82d5,FCM,494784,Oliver Sorensen,max_speed_kmh,31.932,km/h,tracking-derived,,Player Impact,ranked bar chart,medium,high
8cfdb681-32cf-4ebf-81f1-5c0839ec82d5,FCM,494784,Oliver Sorensen,avg_speed_kmh,11.1463,km/h,tracking-derived,,Player Impact,ranked bar chart,medium,high
8cfdb681-32cf-4ebf-81f1-5c0839ec82d5,FCK,512627,G. Gocholeishvili,minutes_played,83.9793,minutes,tracking-derived,,Player Impact,ranked bar chart,medium,high
8cfdb681-32cf-4ebf-81f1-5c0839ec82d5,FCK,512627,G. Gocholeishvili,live_minutes,41.9093,minutes,tracking-derived,,Player Impact,ranked bar chart,medium,high
8cfdb681-32cf-4ebf-81f1-5c0839ec82d5,FCK,512627,G. Gocholeishvili,distance_covered_m,5827.556,meters,tracking-derived,,Player Impact,ranked bar chart,medium,medium
8cfdb681-32cf-4ebf-81f1-5c0839ec82d5,FCK,512627,G. Gocholeishvili,high_speed_distance_m,743.0108,meters,tracking-derived,,Player Impact,ranked bar chart,medium,medium
8cfdb681-32cf-4ebf-81f1-5c0839ec82d5,FCK,512627,G. Gocholeishvili,sprint_distance_m,289.492,meters,tracking-derived,,Player Impact,ranked bar chart,medium,medium
8cfdb681-32cf-4ebf-81f1-5c0839ec82d5,FCK,512627,G. Gocholeishvili,max_speed_kmh,32.472,km/h,tracking-derived,,Player Impact,ranked bar chart,medium,high
8cfdb681-32cf-4ebf-81f1-5c0839ec82d5,FCK,512627,G. Gocholeishvili,avg_speed_kmh,8.343,km/h,tracking-derived,,Player Impact,ranked bar chart,medium,high
8cfdb681-32cf-4ebf-81f1-5c0839ec82d5,FCM,533646,D. Osorio,minutes_played,91.5793,minutes,tracking-derived,,Player Impact,ranked bar chart,medium,high
8cfdb681-32cf-4ebf-81f1-5c0839ec82d5,FCM,533646,D. Osorio,live_minutes,46.2173,minutes,tracking-derived,,Player Impact,ranked bar chart,medium,high
8cfdb681-32cf-4ebf-81f1-5c0839ec82d5,FCM,533646,D. Osorio,distance_covered_m,6994.5552,meters,tracking-derived,,Player Impact,ranked bar chart,medium,medium
8cfdb681-32cf-4ebf-81f1-5c0839ec82d5,FCM,533646,D. Osorio,high_speed_distance_m,929.2624,meters,tracking-derived,,Player Impact,ranked bar chart,medium,medium
8cfdb681-32cf-4ebf-81f1-5c0839ec82d5,FCM,533646,D. Osorio,sprint_distance_m,213.7876,meters,tracking-derived,,Player Impact,ranked bar chart,medium,medium
8cfdb681-32cf-4ebf-81f1-5c0839ec82d5,FCM,533646,D. Osorio,max_speed_kmh,33.192,km/h,tracking-derived,,Player Impact,ranked bar chart,medium,high
8cfdb681-32cf-4ebf-81f1-5c0839ec82d5,FCM,533646,D. Osorio,avg_speed_kmh,9.0803,km/h,tracking-derived,,Player Impact,ranked bar chart,medium,high
8cfdb681-32cf-4ebf-81f1-5c0839ec82d5,FCK,535944,R. Huescas,minutes_played,12.594,minutes,tracking-derived,,Player Impact,ranked bar chart,medium,high
8cfdb681-32cf-4ebf-81f1-5c0839ec82d5,FCK,535944,R. Huescas,live_minutes,6.392,minutes,tracking-derived,,Player Impact,ranked bar chart,medium,high
8cfdb681-32cf-4ebf-81f1-5c0839ec82d5,FCK,535944,R. Huescas,distance_covered_m,1118.6664,meters,tracking-derived,,Player Impact,ranked bar chart,medium,medium
8cfdb681-32cf-4ebf-81f1-5c0839ec82d5,FCK,535944,R. Huescas,high_speed_distance_m,162.6344,meters,tracking-derived,,Player Impact,ranked bar chart,medium,medium
8cfdb681-32cf-4ebf-81f1-5c0839ec82d5,FCK,535944,R. Huescas,sprint_distance_m,37.2724,meters,tracking-derived,,Player Impact,ranked bar chart,medium,medium
8cfdb681-32cf-4ebf-81f1-5c0839ec82d5,FCK,535944,R. Huescas,max_speed_kmh,30.528,km/h,tracking-derived,,Player Impact,ranked bar chart,medium,high
8cfdb681-32cf-4ebf-81f1-5c0839ec82d5,FCK,535944,R. Huescas,avg_speed_kmh,10.5005,km/h,tracking-derived,,Player Impact,ranked bar chart,medium,high
8cfdb681-32cf-4ebf-81f1-5c0839ec82d5,FCM,536679,P. Bravo,minutes_played,0,minutes,tracking-derived,,Player Impact,ranked bar chart,medium,high
8cfdb681-32cf-4ebf-81f1-5c0839ec82d5,FCM,536679,P. Bravo,live_minutes,0,minutes,tracking-derived,,Player Impact,ranked bar chart,medium,high
8cfdb681-32cf-4ebf-81f1-5c0839ec82d5,FCM,536679,P. Bravo,distance_covered_m,0,meters,tracking-derived,,Player Impact,ranked bar chart,medium,medium
8cfdb681-32cf-4ebf-81f1-5c0839ec82d5,FCM,536679,P. Bravo,high_speed_distance_m,0,meters,tracking-derived,,Player Impact,ranked bar chart,medium,medium
8cfdb681-32cf-4ebf-81f1-5c0839ec82d5,FCM,536679,P. Bravo,sprint_distance_m,0,meters,tracking-derived,,Player Impact,ranked bar chart,medium,medium
8cfdb681-32cf-4ebf-81f1-5c0839ec82d5,FCM,536679,P. Bravo,max_speed_kmh,0,km/h,tracking-derived,,Player Impact,ranked bar chart,medium,high
8cfdb681-32cf-4ebf-81f1-5c0839ec82d5,FCM,536679,P. Bravo,avg_speed_kmh,0,km/h,tracking-derived,,Player Impact,ranked bar chart,medium,high
8cfdb681-32cf-4ebf-81f1-5c0839ec82d5,FCK,546545,E. Achouri,minutes_played,73.4193,minutes,tracking-derived,,Player Impact,ranked bar chart,medium,high
8cfdb681-32cf-4ebf-81f1-5c0839ec82d5,FCK,546545,E. Achouri,live_minutes,37.8367,minutes,tracking-derived,,Player Impact,ranked bar chart,medium,high
8cfdb681-32cf-4ebf-81f1-5c0839ec82d5,FCK,546545,E. Achouri,distance_covered_m,6054.5676,meters,tracking-derived,,Player Impact,ranked bar chart,medium,medium
8cfdb681-32cf-4ebf-81f1-5c0839ec82d5,FCK,546545,E. Achouri,high_speed_distance_m,871.5704,meters,tracking-derived,,Player Impact,ranked bar chart,medium,medium
8cfdb681-32cf-4ebf-81f1-5c0839ec82d5,FCK,546545,E. Achouri,sprint_distance_m,307.6464,meters,tracking-derived,,Player Impact,ranked bar chart,medium,medium
8cfdb681-32cf-4ebf-81f1-5c0839ec82d5,FCK,546545,E. Achouri,max_speed_kmh,32.76,km/h,tracking-derived,,Player Impact,ranked bar chart,medium,high
8cfdb681-32cf-4ebf-81f1-5c0839ec82d5,FCK,546545,E. Achouri,avg_speed_kmh,9.6012,km/h,tracking-derived,,Player Impact,ranked bar chart,medium,high
8cfdb681-32cf-4ebf-81f1-5c0839ec82d5,FCM,551144,Franculino Dju,minutes_played,86.0593,minutes,tracking-derived,,Player Impact,ranked bar chart,medium,high
8cfdb681-32cf-4ebf-81f1-5c0839ec82d5,FCM,551144,Franculino Dju,live_minutes,43.2493,minutes,tracking-derived,,Player Impact,ranked bar chart,medium,high
8cfdb681-32cf-4ebf-81f1-5c0839ec82d5,FCM,551144,Franculino Dju,distance_covered_m,6791.66,meters,tracking-derived,,Player Impact,ranked bar chart,medium,medium
8cfdb681-32cf-4ebf-81f1-5c0839ec82d5,FCM,551144,Franculino Dju,high_speed_distance_m,817.7976,meters,tracking-derived,,Player Impact,ranked bar chart,medium,medium
8cfdb681-32cf-4ebf-81f1-5c0839ec82d5,FCM,551144,Franculino Dju,sprint_distance_m,258.12,meters,tracking-derived,,Player Impact,ranked bar chart,medium,medium
8cfdb681-32cf-4ebf-81f1-5c0839ec82d5,FCM,551144,Franculino Dju,max_speed_kmh,32.436,km/h,tracking-derived,,Player Impact,ranked bar chart,medium,high
8cfdb681-32cf-4ebf-81f1-5c0839ec82d5,FCM,551144,Franculino Dju,avg_speed_kmh,9.4223,km/h,tracking-derived,,Player Impact,ranked bar chart,medium,high
8cfdb681-32cf-4ebf-81f1-5c0839ec82d5,FCM,553784,D. Castillo,minutes_played,10.514,minutes,tracking-derived,,Player Impact,ranked bar chart,medium,high
8cfdb681-32cf-4ebf-81f1-5c0839ec82d5,FCM,553784,D. Castillo,live_minutes,5.052,minutes,tracking-derived,,Player Impact,ranked bar chart,medium,high
8cfdb681-32cf-4ebf-81f1-5c0839ec82d5,FCM,553784,D. Castillo,distance_covered_m,865.32,meters,tracking-derived,,Player Impact,ranked bar chart,medium,medium
8cfdb681-32cf-4ebf-81f1-5c0839ec82d5,FCM,553784,D. Castillo,high_speed_distance_m,112.0752,meters,tracking-derived,,Player Impact,ranked bar chart,medium,medium
8cfdb681-32cf-4ebf-81f1-5c0839ec82d5,FCM,553784,D. Castillo,sprint_distance_m,6.9424,meters,tracking-derived,,Player Impact,ranked bar chart,medium,medium
8cfdb681-32cf-4ebf-81f1-5c0839ec82d5,FCM,553784,D. Castillo,max_speed_kmh,26.604,km/h,tracking-derived,,Player Impact,ranked bar chart,medium,high
8cfdb681-32cf-4ebf-81f1-5c0839ec82d5,FCM,553784,D. Castillo,avg_speed_kmh,10.2769,km/h,tracking-derived,,Player Impact,ranked bar chart,medium,high
8cfdb681-32cf-4ebf-81f1-5c0839ec82d5,FCM,568414,M. Kruger-Johnsen,minutes_played,0,minutes,tracking-derived,,Player Impact,ranked bar chart,medium,high
8cfdb681-32cf-4ebf-81f1-5c0839ec82d5,FCM,568414,M. Kruger-Johnsen,live_minutes,0,minutes,tracking-derived,,Player Impact,ranked bar chart,medium,high
8cfdb681-32cf-4ebf-81f1-5c0839ec82d5,FCM,568414,M. Kruger-Johnsen,distance_covered_m,0,meters,tracking-derived,,Player Impact,ranked bar chart,medium,medium
8cfdb681-32cf-4ebf-81f1-5c0839ec82d5,FCM,568414,M. Kruger-Johnsen,high_speed_distance_m,0,meters,tracking-derived,,Player Impact,ranked bar chart,medium,medium
8cfdb681-32cf-4ebf-81f1-5c0839ec82d5,FCM,568414,M. Kruger-Johnsen,sprint_distance_m,0,meters,tracking-derived,,Player Impact,ranked bar chart,medium,medium
8cfdb681-32cf-4ebf-81f1-5c0839ec82d5,FCM,568414,M. Kruger-Johnsen,max_speed_kmh,0,km/h,tracking-derived,,Player Impact,ranked bar chart,medium,high
8cfdb681-32cf-4ebf-81f1-5c0839ec82d5,FCM,568414,M. Kruger-Johnsen,avg_speed_kmh,0,km/h,tracking-derived,,Player Impact,ranked bar chart,medium,high
8cfdb681-32cf-4ebf-81f1-5c0839ec82d5,FCM,568423,V. Byskov,minutes_played,32.514,minutes,tracking-derived,,Player Impact,ranked bar chart,medium,high
8cfdb681-32cf-4ebf-81f1-5c0839ec82d5,FCM,568423,V. Byskov,live_minutes,14.7553,minutes,tracking-derived,,Player Impact,ranked bar chart,medium,high
8cfdb681-32cf-4ebf-81f1-5c0839ec82d5,FCM,568423,V. Byskov,distance_covered_m,2470.2524,meters,tracking-derived,,Player Impact,ranked bar chart,medium,medium
8cfdb681-32cf-4ebf-81f1-5c0839ec82d5,FCM,568423,V. Byskov,high_speed_distance_m,365.4452,meters,tracking-derived,,Player Impact,ranked bar chart,medium,medium
8cfdb681-32cf-4ebf-81f1-5c0839ec82d5,FCM,568423,V. Byskov,sprint_distance_m,88.9732,meters,tracking-derived,,Player Impact,ranked bar chart,medium,medium
8cfdb681-32cf-4ebf-81f1-5c0839ec82d5,FCM,568423,V. Byskov,max_speed_kmh,31.572,km/h,tracking-derived,,Player Impact,ranked bar chart,medium,high
8cfdb681-32cf-4ebf-81f1-5c0839ec82d5,FCM,568423,V. Byskov,avg_speed_kmh,10.0447,km/h,tracking-derived,,Player Impact,ranked bar chart,medium,high
8cfdb681-32cf-4ebf-81f1-5c0839ec82d5,FCK,572146,M. Garan'anga,minutes_played,0,minutes,tracking-derived,,Player Impact,ranked bar chart,medium,high
8cfdb681-32cf-4ebf-81f1-5c0839ec82d5,FCK,572146,M. Garan'anga,live_minutes,0,minutes,tracking-derived,,Player Impact,ranked bar chart,medium,high
8cfdb681-32cf-4ebf-81f1-5c0839ec82d5,FCK,572146,M. Garan'anga,distance_covered_m,0,meters,tracking-derived,,Player Impact,ranked bar chart,medium,medium
8cfdb681-32cf-4ebf-81f1-5c0839ec82d5,FCK,572146,M. Garan'anga,high_speed_distance_m,0,meters,tracking-derived,,Player Impact,ranked bar chart,medium,medium
8cfdb681-32cf-4ebf-81f1-5c0839ec82d5,FCK,572146,M. Garan'anga,sprint_distance_m,0,meters,tracking-derived,,Player Impact,ranked bar chart,medium,medium
8cfdb681-32cf-4ebf-81f1-5c0839ec82d5,FCK,572146,M. Garan'anga,max_speed_kmh,0,km/h,tracking-derived,,Player Impact,ranked bar chart,medium,high
8cfdb681-32cf-4ebf-81f1-5c0839ec82d5,FCK,572146,M. Garan'anga,avg_speed_kmh,0,km/h,tracking-derived,,Player Impact,ranked bar chart,medium,high
8cfdb681-32cf-4ebf-81f1-5c0839ec82d5,FCK,590186,V. Froholdt,minutes_played,23.154,minutes,tracking-derived,,Player Impact,ranked bar chart,medium,high
8cfdb681-32cf-4ebf-81f1-5c0839ec82d5,FCK,590186,V. Froholdt,live_minutes,10.4647,minutes,tracking-derived,,Player Impact,ranked bar chart,medium,high
8cfdb681-32cf-4ebf-81f1-5c0839ec82d5,FCK,590186,V. Froholdt,distance_covered_m,1985.4272,meters,tracking-derived,,Player Impact,ranked bar chart,medium,medium
8cfdb681-32cf-4ebf-81f1-5c0839ec82d5,FCK,590186,V. Froholdt,high_speed_distance_m,361.542,meters,tracking-derived,,Player Impact,ranked bar chart,medium,medium
8cfdb681-32cf-4ebf-81f1-5c0839ec82d5,FCK,590186,V. Froholdt,sprint_distance_m,64.4864,meters,tracking-derived,,Player Impact,ranked bar chart,medium,medium
8cfdb681-32cf-4ebf-81f1-5c0839ec82d5,FCK,590186,V. Froholdt,max_speed_kmh,30.888,km/h,tracking-derived,,Player Impact,ranked bar chart,medium,high
8cfdb681-32cf-4ebf-81f1-5c0839ec82d5,FCK,590186,V. Froholdt,avg_speed_kmh,11.3836,km/h,tracking-derived,,Player Impact,ranked bar chart,medium,high
8cfdb681-32cf-4ebf-81f1-5c0839ec82d5,FCK,590187,A. Chiakha,minutes_played,0,minutes,tracking-derived,,Player Impact,ranked bar chart,medium,high
8cfdb681-32cf-4ebf-81f1-5c0839ec82d5,FCK,590187,A. Chiakha,live_minutes,0,minutes,tracking-derived,,Player Impact,ranked bar chart,medium,high
8cfdb681-32cf-4ebf-81f1-5c0839ec82d5,FCK,590187,A. Chiakha,distance_covered_m,0,meters,tracking-derived,,Player Impact,ranked bar chart,medium,medium
8cfdb681-32cf-4ebf-81f1-5c0839ec82d5,FCK,590187,A. Chiakha,high_speed_distance_m,0,meters,tracking-derived,,Player Impact,ranked bar chart,medium,medium
8cfdb681-32cf-4ebf-81f1-5c0839ec82d5,FCK,590187,A. Chiakha,sprint_distance_m,0,meters,tracking-derived,,Player Impact,ranked bar chart,medium,medium
8cfdb681-32cf-4ebf-81f1-5c0839ec82d5,FCK,590187,A. Chiakha,max_speed_kmh,0,km/h,tracking-derived,,Player Impact,ranked bar chart,medium,high
8cfdb681-32cf-4ebf-81f1-5c0839ec82d5,FCK,590187,A. Chiakha,avg_speed_kmh,0,km/h,tracking-derived,,Player Impact,ranked bar chart,medium,high
8cfdb681-32cf-4ebf-81f1-5c0839ec82d5,FCK,592864,O. Hojer,minutes_played,9.314,minutes,tracking-derived,,Player Impact,ranked bar chart,medium,high
8cfdb681-32cf-4ebf-81f1-5c0839ec82d5,FCK,592864,O. Hojer,live_minutes,4.8507,minutes,tracking-derived,,Player Impact,ranked bar chart,medium,high
8cfdb681-32cf-4ebf-81f1-5c0839ec82d5,FCK,592864,O. Hojer,distance_covered_m,813.9356,meters,tracking-derived,,Player Impact,ranked bar chart,medium,medium
8cfdb681-32cf-4ebf-81f1-5c0839ec82d5,FCK,592864,O. Hojer,high_speed_distance_m,84.4068,meters,tracking-derived,,Player Impact,ranked bar chart,medium,medium
8cfdb681-32cf-4ebf-81f1-5c0839ec82d5,FCK,592864,O. Hojer,sprint_distance_m,1.6892,meters,tracking-derived,,Player Impact,ranked bar chart,medium,medium
8cfdb681-32cf-4ebf-81f1-5c0839ec82d5,FCK,592864,O. Hojer,max_speed_kmh,25.416,km/h,tracking-derived,,Player Impact,ranked bar chart,medium,high
8cfdb681-32cf-4ebf-81f1-5c0839ec82d5,FCK,592864,O. Hojer,avg_speed_kmh,10.0678,km/h,tracking-derived,,Player Impact,ranked bar chart,medium,high
8cfdb681-32cf-4ebf-81f1-5c0839ec82d5,FCM,609108,O. Diao,minutes_played,96.5733,minutes,tracking-derived,,Player Impact,ranked bar chart,medium,high
8cfdb681-32cf-4ebf-81f1-5c0839ec82d5,FCM,609108,O. Diao,live_minutes,48.3013,minutes,tracking-derived,,Player Impact,ranked bar chart,medium,high
8cfdb681-32cf-4ebf-81f1-5c0839ec82d5,FCM,609108,O. Diao,distance_covered_m,6938.6756,meters,tracking-derived,,Player Impact,ranked bar chart,medium,medium
8cfdb681-32cf-4ebf-81f1-5c0839ec82d5,FCM,609108,O. Diao,high_speed_distance_m,697.2268,meters,tracking-derived,,Player Impact,ranked bar chart,medium,medium
8cfdb681-32cf-4ebf-81f1-5c0839ec82d5,FCM,609108,O. Diao,sprint_distance_m,202.6184,meters,tracking-derived,,Player Impact,ranked bar chart,medium,medium
8cfdb681-32cf-4ebf-81f1-5c0839ec82d5,FCM,609108,O. Diao,max_speed_kmh,33.264,km/h,tracking-derived,,Player Impact,ranked bar chart,medium,high
8cfdb681-32cf-4ebf-81f1-5c0839ec82d5,FCM,609108,O. Diao,avg_speed_kmh,8.6191,km/h,tracking-derived,,Player Impact,ranked bar chart,medium,high
8cfdb681-32cf-4ebf-81f1-5c0839ec82d5,FCK,622714,Robert,minutes_played,0,minutes,tracking-derived,,Player Impact,ranked bar chart,medium,high
8cfdb681-32cf-4ebf-81f1-5c0839ec82d5,FCK,622714,Robert,live_minutes,0,minutes,tracking-derived,,Player Impact,ranked bar chart,medium,high
8cfdb681-32cf-4ebf-81f1-5c0839ec82d5,FCK,622714,Robert,distance_covered_m,0,meters,tracking-derived,,Player Impact,ranked bar chart,medium,medium
8cfdb681-32cf-4ebf-81f1-5c0839ec82d5,FCK,622714,Robert,high_speed_distance_m,0,meters,tracking-derived,,Player Impact,ranked bar chart,medium,medium
8cfdb681-32cf-4ebf-81f1-5c0839ec82d5,FCK,622714,Robert,sprint_distance_m,0,meters,tracking-derived,,Player Impact,ranked bar chart,medium,medium
8cfdb681-32cf-4ebf-81f1-5c0839ec82d5,FCK,622714,Robert,max_speed_kmh,0,km/h,tracking-derived,,Player Impact,ranked bar chart,medium,high
8cfdb681-32cf-4ebf-81f1-5c0839ec82d5,FCK,622714,Robert,avg_speed_kmh,0,km/h,tracking-derived,,Player Impact,ranked bar chart,medium,high
